logon,CSC0217,PC-6377,Logon,02/17/2010 07:29:00
logon,CSC0217,PC-6377,Logoff,02/17/2010 15:38:00
logon,CSC0217,PC-2768,Logon,02/17/2010 18:34:08
logon,CSC0217,PC-2768,Logoff,02/17/2010 18:52:13
logon,CSC0217,PC-9647,Logon,02/17/2010 19:10:50
logon,CSC0217,PC-9647,Logoff,02/17/2010 19:24:57
logon,CSC0217,PC-8443,Logon,02/17/2010 21:05:42
logon,CSC0217,PC-8443,Logoff,02/17/2010 21:08:19
http,CSC0217,PC-6377,http://sfgate.com/Sweet_Track/westhay/guebhtuchgrkcrevzragfhcreobjyjrofhesvat192290683.htm,02/17/2010 07:31:14
http,CSC0217,PC-6377,http://npr.org/Latter_Days/sandvoss/zbgbeplpyrzhfrhznpprcgnaprgrfgercbegsnzvyl355437132.php,02/17/2010 07:31:57
http,CSC0217,PC-6377,http://yfrog.com/Saffron/saffron/fhccbegfhcreobjy789727225.aspx,02/17/2010 07:33:16
http,CSC0217,PC-6377,http://slideshare.net/Buffalo_nickel/repunched/jbeyqfrevrfgifrevrfzhfvptraer640513410.jsp,02/17/2010 07:37:06
http,CSC0217,PC-6377,http://slideshare.net/Buffalo_nickel/repunched/jbeyqfrevrfgifrevrfzhfvptraer640513410.jsp,02/17/2010 07:38:35
http,CSC0217,PC-6377,http://ign.com/Eardwulf_of_Northumbria/eanbald/geniryonpxhc1459845751.htm,02/17/2010 07:39:00
http,CSC0217,PC-6377,http://latimes.com/Canadian_federal_election_1957/diefenbaker/genirythvqrrnflyvfgravatzhfvpiveghnycevingrargjbex83114751.jsp,02/17/2010 07:43:31
http,CSC0217,PC-6377,http://shutterfly.com/OBahn_Busway/bahn/cebsrffvbanyubpxrltneqragbbyfznfffgbentrqvzvavfuvatergheaf2113745161.html,02/17/2010 07:43:56
http,CSC0217,PC-6377,http://npr.org/Creatures_of_Impulse/pipette/frysurycvagreargznexrgvat1389343354.aspx,02/17/2010 07:47:47
http,CSC0217,PC-6377,http://sidereel.com/European_Commission/barroso/fcvevghnyerdhrfgsbecebcbfnygrnzobjyvatzlfgrel1079118294.htm,02/17/2010 07:55:52
http,CSC0217,PC-6377,http://sfgate.com/Sweet_Track/westhay/guebhtuchgrkcrevzragfhcreobjyjrofhesvat192290683.htm,02/17/2010 08:05:53
http,CSC0217,PC-6377,http://united.com/Nothing_to_My_Name/gaige/pbbxobbxznfffgbentrpneqtnzrobbxf1618109424.asp,02/17/2010 08:09:17
http,CSC0217,PC-6377,http://match.com/2008_Japanese_Grand_Prix/kubica/jrvtugybffuhagvattrneebqrbsnpvyvgngbe1420072171.html,02/17/2010 08:22:58
http,CSC0217,PC-6377,http://sfgate.com/Sweet_Track/westhay/guebhtuchgrkcrevzragfhcreobjyjrofhesvat192290683.htm,02/17/2010 08:27:17
http,CSC0217,PC-6377,http://nfl.com/Greece_runestones/dybeck/snzvyltvaehzzlpneqtnzrarjffbsgonyy1814779370.jsp,02/17/2010 08:28:32
http,CSC0217,PC-6377,http://megaclick.com/Albert_Prince_Consort/curragh/cyngsbezubefronpxevqvatfnsrglcebsvgsnpvyvgngbe333712281.php,02/17/2010 08:36:25
http,CSC0217,PC-6377,http://lifehacker.com/Bharattherium/bharattherium/ncnpurfbpvnyargjbexvatfpvraprsvpgvbavaqbbetneqra817605078.php,02/17/2010 08:39:51
http,CSC0217,PC-6377,http://networkedblogs.com/Kitsune/inari/zbgbeplpyrfghagffbsggraavfnagvivehf411723092.asp,02/17/2010 08:49:14
http,CSC0217,PC-6377,http://sidereel.com/Miniopterus_griveaudi/griveaudi/ivfnovplpyrpebffpbhageljbeyqfrevrf1447879033.htm,02/17/2010 09:00:29
http,CSC0217,PC-6377,http://cbslocal.com/Frank_Klepacki/kyrandia/cnlebyypbzchgrenvqrqznahsnpghevatfhcreobjybofreir1787195557.jsp,02/17/2010 09:04:52
http,CSC0217,PC-6377,http://sfgate.com/Sweet_Track/westhay/guebhtuchgrkcrevzragfhcreobjyjrofhesvat192290683.htm,02/17/2010 09:05:06
http,CSC0217,PC-6377,http://sidereel.com/Miniopterus_griveaudi/griveaudi/ivfnovplpyrpebffpbhageljbeyqfrevrf1447879033.htm,02/17/2010 09:05:42
http,CSC0217,PC-6377,http://sfgate.com/Sweet_Track/westhay/guebhtuchgrkcrevzragfhcreobjyjrofhesvat192290683.htm,02/17/2010 09:11:03
http,CSC0217,PC-6377,http://btjunkie.org/Prince_Albert_Victor_Duke_of_Clarence_and_Avondale/aronsons/onpxhcobjyvatfubrfkzynffrzoylyvar1211399683.asp,02/17/2010 09:14:00
http,CSC0217,PC-6377,http://conduit.com/Brazilian_battleship_Minas_Geraes/minas/pbbxvatfnsrglsvezjnersnpvyvgngbe260742976.htm,02/17/2010 09:16:07
http,CSC0217,PC-6377,http://elance.com/1962_South_Vietnamese_Independence_Palace_bombing/quoc/rznvyfhccbegsvpgvbaaba-svpgvba158757261.jsp,02/17/2010 09:16:26
http,CSC0217,PC-6377,http://mlb.com/Agaricus_deserticola/montagnea/graavfznfgrefncnpursnpvyvgngbe1754539818.php,02/17/2010 09:20:40
http,CSC0217,PC-6377,http://megaclick.com/Albert_Prince_Consort/curragh/cyngsbezubefronpxevqvatfnsrglcebsvgsnpvyvgngbe333712281.php,02/17/2010 09:23:32
http,CSC0217,PC-6377,http://sfgate.com/Sweet_Track/westhay/guebhtuchgrkcrevzragfhcreobjyjrofhesvat192290683.htm,02/17/2010 09:28:49
http,CSC0217,PC-6377,http://slideshare.net/Buffalo_nickel/repunched/jbeyqfrevrfgifrevrfzhfvptraer640513410.jsp,02/17/2010 09:30:18
http,CSC0217,PC-6377,http://buy.com/Lemur/anthropoid/fbyvgnverpneqtnzrfnagvivehf1992767769.jsp,02/17/2010 09:44:59
http,CSC0217,PC-6377,http://megaclick.com/Albert_Prince_Consort/curragh/cyngsbezubefronpxevqvatfnsrglcebsvgsnpvyvgngbe333712281.php,02/17/2010 10:10:11
http,CSC0217,PC-6377,http://getresponse.com/Miniopterus_aelleni/miniopterus/grpuavpvnaserrfglyrfxvvatsvpgvba1676910274.jsp,02/17/2010 10:11:14
http,CSC0217,PC-6377,http://megaclick.com/Albert_Prince_Consort/curragh/cyngsbezubefronpxevqvatfnsrglcebsvgsnpvyvgngbe333712281.php,02/17/2010 10:11:56
http,CSC0217,PC-6377,http://conduit.com/Brazilian_battleship_Minas_Geraes/minas/pbbxvatfnsrglsvezjnersnpvyvgngbe260742976.htm,02/17/2010 10:13:58
http,CSC0217,PC-6377,http://live.com/New_York_State_Route_32/schuylerville/vairfgvtngvbafrysurycubarlzbbanhgbjnkvat1229392995.asp,02/17/2010 10:30:44
http,CSC0217,PC-6377,http://sidereel.com/Miniopterus_griveaudi/griveaudi/ivfnovplpyrpebffpbhageljbeyqfrevrf1447879033.htm,02/17/2010 10:33:03
http,CSC0217,PC-6377,http://sidereel.com/European_Commission/barroso/fcvevghnyerdhrfgsbecebcbfnygrnzobjyvatzlfgrel1079118294.htm,02/17/2010 10:35:49
http,CSC0217,PC-6377,http://npr.org/Latter_Days/sandvoss/zbgbeplpyrzhfrhznpprcgnaprgrfgercbegsnzvyl355437132.php,02/17/2010 10:36:31
http,CSC0217,PC-6377,http://sfgate.com/Sweet_Track/westhay/guebhtuchgrkcrevzragfhcreobjyjrofhesvat192290683.htm,02/17/2010 10:36:38
http,CSC0217,PC-6377,http://buy.com/Lemur/anthropoid/fbyvgnverpneqtnzrfnagvivehf1992767769.jsp,02/17/2010 10:46:03
http,CSC0217,PC-6377,http://mlb.com/Agaricus_deserticola/montagnea/graavfznfgrefncnpursnpvyvgngbe1754539818.php,02/17/2010 10:52:34
http,CSC0217,PC-6377,http://megaclick.com/Albert_Prince_Consort/curragh/cyngsbezubefronpxevqvatfnsrglcebsvgsnpvyvgngbe333712281.php,02/17/2010 10:56:02
http,CSC0217,PC-6377,http://alibaba.com/Premiere_The_OC/bilson/snpvyvgngbe1945165565.jsp,02/17/2010 10:57:04
http,CSC0217,PC-6377,http://ign.com/Eardwulf_of_Northumbria/eanbald/geniryonpxhc1459845751.htm,02/17/2010 11:05:53
http,CSC0217,PC-6377,http://latimes.com/Canadian_federal_election_1957/diefenbaker/genirythvqrrnflyvfgravatzhfvpiveghnycevingrargjbex83114751.jsp,02/17/2010 11:07:54
http,CSC0217,PC-6377,http://ign.com/Eardwulf_of_Northumbria/eanbald/geniryonpxhc1459845751.htm,02/17/2010 11:14:48
http,CSC0217,PC-6377,http://sidereel.com/Miniopterus_griveaudi/griveaudi/ivfnovplpyrpebffpbhageljbeyqfrevrf1447879033.htm,02/17/2010 11:20:56
http,CSC0217,PC-6377,http://amazonaws.com/Congregation_Baith_Israel_Anshei_Emes/goldfarbs/obngvatehyrffpvraprfhcreobjy222502931.html,02/17/2010 11:26:28
http,CSC0217,PC-6377,http://yfrog.com/Saffron/saffron/fhccbegfhcreobjy789727225.aspx,02/17/2010 11:36:49
http,CSC0217,PC-6377,http://slideshare.net/Buffalo_nickel/repunched/jbeyqfrevrfgifrevrfzhfvptraer640513410.jsp,02/17/2010 11:39:45
http,CSC0217,PC-6377,http://facebook.com/Redcapped_Robin/rottnest/nagvivehffbppreunyybssnzrbobr938056146.html,02/17/2010 11:51:34
http,CSC0217,PC-6377,http://buy.com/Lemur/anthropoid/fbyvgnverpneqtnzrfnagvivehf1992767769.jsp,02/17/2010 11:51:49
http,CSC0217,PC-6377,http://buy.com/Lemur/anthropoid/fbyvgnverpneqtnzrfnagvivehf1992767769.jsp,02/17/2010 11:51:55
http,CSC0217,PC-6377,http://btjunkie.org/Prince_Albert_Victor_Duke_of_Clarence_and_Avondale/aronsons/onpxhcobjyvatfubrfkzynffrzoylyvar1211399683.asp,02/17/2010 11:51:56
http,CSC0217,PC-6377,http://buy.com/Lemur/anthropoid/fbyvgnverpneqtnzrfnagvivehf1992767769.jsp,02/17/2010 11:52:14
http,CSC0217,PC-6377,http://buy.com/Lemur/anthropoid/fbyvgnverpneqtnzrfnagvivehf1992767769.jsp,02/17/2010 11:52:18
http,CSC0217,PC-6377,http://mozilla.org/Landing_at_Nadzab/nadzab/fcvevghnybireurnq1646920551.asp,02/17/2010 11:59:56
http,CSC0217,PC-6377,http://sidereel.com/European_Commission/barroso/fcvevghnyerdhrfgsbecebcbfnygrnzobjyvatzlfgrel1079118294.htm,02/17/2010 12:00:21
http,CSC0217,PC-6377,http://buzzfeed.com/ROT13/rot47/fhaonguvatuvxvatrgvdhrggrzlfgrel957001374.htm,02/17/2010 12:07:36
http,CSC0217,PC-6377,http://npr.org/Creatures_of_Impulse/pipette/frysurycvagreargznexrgvat1389343354.aspx,02/17/2010 12:09:06
http,CSC0217,PC-6377,http://buzzfeed.com/ROT13/rot47/fhaonguvatuvxvatrgvdhrggrzlfgrel957001374.htm,02/17/2010 12:10:11
http,CSC0217,PC-6377,http://adobe.com/Sinestro_Corps_War/ganthet/frysurycqrfxgbcgraavfqbhoyrfcebsrffvbanyubpxrl2005134786.aspx,02/17/2010 12:17:06
http,CSC0217,PC-6377,http://npr.org/Latter_Days/sandvoss/zbgbeplpyrzhfrhznpprcgnaprgrfgercbegsnzvyl355437132.php,02/17/2010 12:22:11
http,CSC0217,PC-6377,http://yfrog.com/Saffron/saffron/fhccbegfhcreobjy789727225.aspx,02/17/2010 12:26:49
http,CSC0217,PC-6377,http://twitpic.com/LaRouche_criminal_trials/frankhouser/nhgbercnveznahnyfpbbxvatfnsrglsnpvyvgngbe889246241.jsp,02/17/2010 12:27:09
http,CSC0217,PC-6377,http://cbslocal.com/Frank_Klepacki/kyrandia/cnlebyypbzchgrenvqrqznahsnpghevatfhcreobjybofreir1787195557.jsp,02/17/2010 12:31:12
http,CSC0217,PC-6377,http://etsy.com/One_Hot_Minute/kiediss/pbyyrtrsbbgonyyernqvatonpxhccnlebyy816232142.php,02/17/2010 12:32:17
http,CSC0217,PC-6377,http://megaclick.com/Albert_Prince_Consort/curragh/cyngsbezubefronpxevqvatfnsrglcebsvgsnpvyvgngbe333712281.php,02/17/2010 12:40:09
http,CSC0217,PC-6377,http://mlb.com/Agaricus_deserticola/montagnea/graavfznfgrefncnpursnpvyvgngbe1754539818.php,02/17/2010 12:41:21
http,CSC0217,PC-6377,http://google.com/The_Stolen_Earth/daleks/sbezhynfnagvivehf1187815299.php,02/17/2010 12:41:26
http,CSC0217,PC-6377,http://sfgate.com/Sweet_Track/westhay/guebhtuchgrkcrevzragfhcreobjyjrofhesvat192290683.htm,02/17/2010 12:42:35
http,CSC0217,PC-6377,http://elance.com/1962_South_Vietnamese_Independence_Palace_bombing/quoc/rznvyfhccbegsvpgvbaaba-svpgvba158757261.jsp,02/17/2010 12:42:36
http,CSC0217,PC-6377,http://marketwatch.com/Inauguration_of_Barack_Obama/biden/irtrgnoyrerdhrfgsbecebcbfnynagvivehf936628879.php,02/17/2010 12:43:16
http,CSC0217,PC-6377,http://yfrog.com/Saffron/saffron/fhccbegfhcreobjy789727225.aspx,02/17/2010 12:50:58
http,CSC0217,PC-6377,http://sidereel.com/European_Commission/barroso/fcvevghnyerdhrfgsbecebcbfnygrnzobjyvatzlfgrel1079118294.htm,02/17/2010 12:51:40
http,CSC0217,PC-6377,http://sfgate.com/Sweet_Track/westhay/guebhtuchgrkcrevzragfhcreobjyjrofhesvat192290683.htm,02/17/2010 12:52:59
http,CSC0217,PC-6377,http://lifehacker.com/Bharattherium/bharattherium/ncnpurfbpvnyargjbexvatfpvraprsvpgvbavaqbbetneqra817605078.php,02/17/2010 12:54:19
http,CSC0217,PC-6377,http://mlb.com/Agaricus_deserticola/montagnea/graavfznfgrefncnpursnpvyvgngbe1754539818.php,02/17/2010 13:03:45
http,CSC0217,PC-6377,http://cbslocal.com/Frank_Klepacki/kyrandia/cnlebyypbzchgrenvqrqznahsnpghevatfhcreobjybofreir1787195557.jsp,02/17/2010 13:05:57
http,CSC0217,PC-6377,http://td.com/History_of_the_National_Hockey_League_19421967/mikita/bobrzbgbeplpyryvprafrubyvqnlf2051596542.aspx,02/17/2010 13:37:27
http,CSC0217,PC-6377,http://marketwatch.com/Inauguration_of_Barack_Obama/biden/irtrgnoyrerdhrfgsbecebcbfnynagvivehf936628879.php,02/17/2010 13:54:09
http,CSC0217,PC-6377,http://megaclick.com/Albert_Prince_Consort/curragh/cyngsbezubefronpxevqvatfnsrglcebsvgsnpvyvgngbe333712281.php,02/17/2010 13:57:52
http,CSC0217,PC-6377,http://npr.org/Ailanthus_altissima/altissima/qrfxgbcbcrengvbaffheiviny373084835.html,02/17/2010 14:01:43
http,CSC0217,PC-6377,http://yfrog.com/Saffron/saffron/fhccbegfhcreobjy789727225.aspx,02/17/2010 14:01:54
http,CSC0217,PC-6377,http://marketwatch.com/Inauguration_of_Barack_Obama/biden/irtrgnoyrerdhrfgsbecebcbfnynagvivehf936628879.php,02/17/2010 14:03:35
http,CSC0217,PC-6377,http://city-data.com/No_Way_Out_2004/hotty/sregvyvmreaba-svpgvbaovyyvneqfgbheanzragsnzvyl531794135.html,02/17/2010 14:15:14
http,CSC0217,PC-6377,http://conduit.com/Brazilian_battleship_Minas_Geraes/minas/pbbxvatfnsrglsvezjnersnpvyvgngbe260742976.htm,02/17/2010 14:20:11
http,CSC0217,PC-6377,http://megaclick.com/Albert_Prince_Consort/curragh/cyngsbezubefronpxevqvatfnsrglcebsvgsnpvyvgngbe333712281.php,02/17/2010 14:20:14
http,CSC0217,PC-6377,http://m-w.com/M28_Business_IshpemingNegaunee_Michigan/ishpeming/fhcreobjy403396541.asp,02/17/2010 14:29:17
http,CSC0217,PC-6377,http://sidereel.com/Miniopterus_griveaudi/griveaudi/ivfnovplpyrpebffpbhageljbeyqfrevrf1447879033.htm,02/17/2010 14:30:41
http,CSC0217,PC-6377,http://slideshare.net/Buffalo_nickel/repunched/jbeyqfrevrfgifrevrfzhfvptraer640513410.jsp,02/17/2010 14:32:06
http,CSC0217,PC-6377,http://megaclick.com/Albert_Prince_Consort/curragh/cyngsbezubefronpxevqvatfnsrglcebsvgsnpvyvgngbe333712281.php,02/17/2010 14:34:18
http,CSC0217,PC-6377,http://megaclick.com/Albert_Prince_Consort/curragh/cyngsbezubefronpxevqvatfnsrglcebsvgsnpvyvgngbe333712281.php,02/17/2010 14:34:25
http,CSC0217,PC-6377,http://mlb.com/Agaricus_deserticola/montagnea/graavfznfgrefncnpursnpvyvgngbe1754539818.php,02/17/2010 14:35:17
http,CSC0217,PC-6377,http://ticketmaster.com/North_Road_football_ground/nwda/obbxpyhoshaqvatfpbbgreserapuubea1159438534.jsp,02/17/2010 14:36:29
http,CSC0217,PC-6377,http://mozilla.org/Landing_at_Nadzab/nadzab/fcvevghnybireurnq1646920551.asp,02/17/2010 14:39:57
http,CSC0217,PC-6377,http://sidereel.com/Miniopterus_griveaudi/griveaudi/ivfnovplpyrpebffpbhageljbeyqfrevrf1447879033.htm,02/17/2010 14:44:38
http,CSC0217,PC-6377,http://ancestry.com/AngloZanzibar_War/hamad/pbzchgrenvqrqznahsnpghevatjbeyqfrevrf653760367.htm,02/17/2010 14:44:59
http,CSC0217,PC-6377,http://slideshare.net/Buffalo_nickel/repunched/jbeyqfrevrfgifrevrfzhfvptraer640513410.jsp,02/17/2010 14:46:08
http,CSC0217,PC-6377,http://yfrog.com/Saffron/saffron/fhccbegfhcreobjy789727225.aspx,02/17/2010 14:56:13
http,CSC0217,PC-6377,http://npr.org/Creatures_of_Impulse/pipette/frysurycvagreargznexrgvat1389343354.aspx,02/17/2010 15:06:37
http,CSC0217,PC-6377,http://sfgate.com/Sweet_Track/westhay/guebhtuchgrkcrevzragfhcreobjyjrofhesvat192290683.htm,02/17/2010 15:08:46
http,CSC0217,PC-6377,http://sfgate.com/Sweet_Track/westhay/guebhtuchgrkcrevzragfhcreobjyjrofhesvat192290683.htm,02/17/2010 15:09:06
http,CSC0217,PC-6377,http://sfgate.com/Sweet_Track/westhay/guebhtuchgrkcrevzragfhcreobjyjrofhesvat192290683.htm,02/17/2010 15:09:08
http,CSC0217,PC-6377,http://conduit.com/Brazilian_battleship_Minas_Geraes/minas/pbbxvatfnsrglsvezjnersnpvyvgngbe260742976.htm,02/17/2010 15:13:33
http,CSC0217,PC-6377,http://mlb.com/Agaricus_deserticola/montagnea/graavfznfgrefncnpursnpvyvgngbe1754539818.php,02/17/2010 15:15:02
http,CSC0217,PC-6377,http://megaclick.com/Albert_Prince_Consort/curragh/cyngsbezubefronpxevqvatfnsrglcebsvgsnpvyvgngbe333712281.php,02/17/2010 15:16:35
http,CSC0217,PC-6377,http://sfgate.com/Sweet_Track/westhay/guebhtuchgrkcrevzragfhcreobjyjrofhesvat192290683.htm,02/17/2010 15:17:00
http,CSC0217,PC-6377,http://abcnews.go.com/Lactarius_indigo/indigo/rdhvczragfrysurycorneuhagvatgeniryntrapl1874713056.jsp,02/17/2010 15:23:00
http,CSC0217,PC-6377,http://abcnews.go.com/Lactarius_indigo/indigo/rdhvczragfrysurycorneuhagvatgeniryntrapl1874713056.jsp,02/17/2010 15:23:27
http,CSC0217,PC-6377,http://sfgate.com/Sweet_Track/westhay/guebhtuchgrkcrevzragfhcreobjyjrofhesvat192290683.htm,02/17/2010 15:28:34
http,CSC0217,PC-6377,http://alibaba.com/Premiere_The_OC/bilson/snpvyvgngbe1945165565.jsp,02/17/2010 15:34:22
http,CSC0217,PC-6377,http://adobe.com/Sinestro_Corps_War/ganthet/frysurycqrfxgbcgraavfqbhoyrfcebsrffvbanyubpxrl2005134786.aspx,02/17/2010 15:36:53
email,CSC0217,PC-6377,Cathleen.S.Craig@netzero.com,Ursula-Richard@bellsouth.net,34154,0,02/17/2010 12:17:05
email,CSC0217,PC-6377,Cathleen.Samantha.Craig@dtaa.com,Daria.Felicia.Rowland@dtaa.com;Jack.Carlos.Cannon@dtaa.com;Frances.Alisa.Wiggins@dtaa.com,17458,0,02/17/2010 12:17:07
email,CSC0217,PC-6377,Cathleen.S.Craig@netzero.com,Tanya_N_Blackwell@sbcglobal.net,19767,0,02/17/2010 12:17:07
email,CSC0217,PC-6377,Cathleen.S.Craig@netzero.com,JCC324@optonline.net,16622,0,02/17/2010 12:17:08
email,CSC0217,PC-6377,Cathleen.S.Craig@netzero.com,ACC9624@juno.com;Rivera-Tarik@yahoo.com,64059,0,02/17/2010 12:17:08
email,CSC0217,PC-6377,Cathleen.S.Craig@netzero.com,ACC9624@juno.com;Frances_A_Wiggins@bellsouth.net;Frank-Kendall@netzero.com,26879,0,02/17/2010 12:17:08
email,CSC0217,PC-6377,Cathleen.S.Craig@netzero.com,JCC324@optonline.net,15059,0,02/17/2010 12:17:10
email,CSC0217,PC-6377,Cathleen.Samantha.Craig@dtaa.com,Frances.Alisa.Wiggins@dtaa.com,27346,0,02/17/2010 12:17:11
email,CSC0217,PC-6377,Cathleen.Samantha.Craig@dtaa.com,Cyrus.Connor.Atkinson@dtaa.com,49471,0,02/17/2010 12:17:11
email,CSC0217,PC-6377,Cathleen.Samantha.Craig@dtaa.com,Jane.Zia.Day@dtaa.com;Chester.Caldwell.Mendoza@dtaa.com,21336,0,02/17/2010 12:17:12
email,CSC0217,PC-6377,Cathleen.Samantha.Craig@dtaa.com,Medge.Serina.Obrien@dtaa.com;Meredith.Ainsley.Wolf@dtaa.com;BSK69@boeing.com;Tanya_N_Blackwell@hp.com,37841,0,02/17/2010 13:55:26
