logon,HBO0413,PC-7384,Logon,08/31/2010 08:00:00
logon,HBO0413,PC-7384,Logoff,08/31/2010 17:55:00
http,HBO0413,PC-7384,http://mediafire.com/Nathu_La/yadong/gernqzvyyyrnqrefuvc679300522.asp,08/31/2010 08:02:30
http,HBO0413,PC-7384,http://mediafire.com/Nathu_La/yadong/gernqzvyyyrnqrefuvc679300522.asp,08/31/2010 08:07:26
http,HBO0413,PC-7384,http://ign.com/1980_eruption_of_Mount_St_Helens/ronnholm/arggvatyvsrplpyrvagreargznexrgvatzbgbeplpyryrngure1905848322.asp,08/31/2010 08:08:38
http,HBO0413,PC-7384,http://directv.com/Archaea/euryarchaeota/pbyyrtronfxrgonyycebsrffvbanyfbpprepbbxvatfnsrglfgnaqneqf1388694487.htm,08/31/2010 08:09:29
http,HBO0413,PC-7384,http://slideshare.net/Buffalo_nickel/repunched/jbeyqfrevrfgifrevrfzhfvptraer640513410.jsp,08/31/2010 08:12:54
http,HBO0413,PC-7384,http://retailmenot.com/The_Shape_of_Things_to_Come_Lost/dharka/nhgbqrgnvyvatfrysuryc1253517932.htm,08/31/2010 08:16:57
http,HBO0413,PC-7384,http://foodnetwork.com/Makemake_dwarf_planet/licandro/flfgrzfvqrcynavatgenirythvqr1625394262.html,08/31/2010 08:17:53
http,HBO0413,PC-7384,http://dropbox.com/Ariel_moon/uranian/pyrnavatyrnqrefuvcpbfgvatonaqjvqgu1095891655.aspx,08/31/2010 08:25:47
http,HBO0413,PC-7384,http://digitalpoint.com/Hudson_Valley_Rail_Trail/costantino/frnzfgerffpbzzvffvbaylevpfinpngvba1988739345.htm,08/31/2010 08:39:57
http,HBO0413,PC-7384,http://apple.com/Aquaria_video_game/holowka/gbheanzragpneqtnzrffbppreunyybssnzrnhgbratvarercnve2087032648.html,08/31/2010 08:54:10
http,HBO0413,PC-7384,http://verizon.com/Cygnus_X1/226868/svfuvatobnggraavfqbhoyrfpbyyrtrfbpprecebsrffvbanyonfxrgonyy956856826.html,08/31/2010 08:54:36
http,HBO0413,PC-7384,http://blogspot.com/Pilot_Supernatural/railsback/flfgrz1092581757.php,08/31/2010 08:56:15
http,HBO0413,PC-7384,http://linkedin.com/Harry_Chauvel/chetwode/cebwrpg757315014.jsp,08/31/2010 09:09:28
http,HBO0413,PC-7384,http://swagbucks.com/Central_Coast_Mariners_FC/bosnich/arjf1097306252.htm,08/31/2010 09:14:57
http,HBO0413,PC-7384,http://wellsfargo.com/Benjamin_Harrison/harrisons/ynoahgevgvbayrnqrefuvctencuvpnyhfrevagresnpr1176430042.jsp,08/31/2010 09:19:50
http,HBO0413,PC-7384,http://wellsfargo.com/Benjamin_Harrison/harrisons/ynoahgevgvbayrnqrefuvctencuvpnyhfrevagresnpr1176430042.jsp,08/31/2010 09:28:16
http,HBO0413,PC-7384,http://zendesk.com/December_1964_South_Vietnamese_coup/khanh/obngybpxfgbpxjbeyqfrevrferpehvgvat1343994808.html,08/31/2010 09:29:02
http,HBO0413,PC-7384,http://adobe.com/Sinestro_Corps_War/ganthet/frysurycqrfxgbcgraavfqbhoyrfcebsrffvbanyubpxrl2005134786.aspx,08/31/2010 09:32:55
http,HBO0413,PC-7384,http://babycenter.com/Manchester_SmallScale_Experimental_Machine/npl/fnygjngreornpupevoontrpneqtnzrynpebffr2033055226.html,08/31/2010 09:37:13
http,HBO0413,PC-7384,http://foodnetwork.com/Makemake_dwarf_planet/licandro/flfgrzfvqrcynavatgenirythvqr1625394262.html,08/31/2010 09:47:00
http,HBO0413,PC-7384,http://hulu.com/Gray_mouse_lemur/lemur/qvfpbhaginpngvba865185298.aspx,08/31/2010 09:53:53
http,HBO0413,PC-7384,http://shareasale.com/1962_South_Vietnamese_Independence_Palace_bombing/quoc/jbefuvcyrnqrefuvcobjyvatgbheanzrag1438261804.php,08/31/2010 10:02:51
http,HBO0413,PC-7384,http://vistaprint.com/Choe_Bu/ningbo/fpbbgrechepunfvatpynevargpncnpvgl578026678.jsp,08/31/2010 10:13:45
http,HBO0413,PC-7384,http://slideshare.net/Buffalo_nickel/repunched/jbeyqfrevrfgifrevrfzhfvptraer640513410.jsp,08/31/2010 10:32:04
http,HBO0413,PC-7384,http://abcnews.go.com/Lactarius_indigo/indigo/rdhvczragfrysurycorneuhagvatgeniryntrapl1874713056.jsp,08/31/2010 10:32:24
http,HBO0413,PC-7384,http://m-w.com/In_Utero_album/cobain/tnzrfubjf1278951174.aspx,08/31/2010 10:36:06
http,HBO0413,PC-7384,http://inbox.com/Cheadle_Hulme/hulme/yrnqrefuvcnanylfvfselvat513824541.aspx,08/31/2010 10:36:39
http,HBO0413,PC-7384,http://wellsfargo.com/Benjamin_Harrison/harrisons/ynoahgevgvbayrnqrefuvctencuvpnyhfrevagresnpr1176430042.jsp,08/31/2010 10:36:45
http,HBO0413,PC-7384,http://wellsfargo.com/Benjamin_Harrison/harrisons/ynoahgevgvbayrnqrefuvctencuvpnyhfrevagresnpr1176430042.jsp,08/31/2010 10:55:38
http,HBO0413,PC-7384,http://eonline.com/Gregory_of_Nazianzus/sasima/gragcebwrpgcrgsvfupbyyrtrfbppre691547229.htm,08/31/2010 10:58:51
http,HBO0413,PC-7384,http://outbrain.com/Master_Chief_Halo/cortana/yrnqrefuvcfbppregenvyevqvat739909429.jsp,08/31/2010 11:08:28
http,HBO0413,PC-7384,http://redfin.com/Rinaldo_opera/goffredo/pehvfrergheabavairfgzragivqrbtnzrfcebwrpg1920790195.html,08/31/2010 11:17:52
http,HBO0413,PC-7384,http://officedepot.com/Cdwalla_of_Wessex/thelwealhs/obngznvagranaprjrngureobjyvatfcyvgf1750468637.html,08/31/2010 11:18:30
http,HBO0413,PC-7384,http://vimeo.com/Suffolk_Punch/frsuffolk/havbaynpebffrjvqrnernargjbexpuhepurqhpngvba1582729609.html,08/31/2010 11:20:25
http,HBO0413,PC-7384,http://americanexpress.com/Jos_Paranhos_Viscount_of_Rio_Branco/branco/tebffqbzrfgvpcebqhpgcrggenvavatbcgvzvmngvbapbyyrtrfbppre1263153509.jsp,08/31/2010 11:20:28
http,HBO0413,PC-7384,http://abcnews.go.com/Lactarius_indigo/indigo/rdhvczragfrysurycorneuhagvatgeniryntrapl1874713056.jsp,08/31/2010 11:28:21
http,HBO0413,PC-7384,http://shareasale.com/1962_South_Vietnamese_Independence_Palace_bombing/quoc/jbefuvcyrnqrefuvcobjyvatgbheanzrag1438261804.php,08/31/2010 11:41:26
http,HBO0413,PC-7384,http://americanexpress.com/Jos_Paranhos_Viscount_of_Rio_Branco/branco/tebffqbzrfgvpcebqhpgcrggenvavatbcgvzvmngvbapbyyrtrfbppre1263153509.jsp,08/31/2010 11:45:51
http,HBO0413,PC-7384,http://eonline.com/Gregory_of_Nazianzus/sasima/gragcebwrpgcrgsvfupbyyrtrfbppre691547229.htm,08/31/2010 11:46:15
http,HBO0413,PC-7384,http://battle.net/Bayern_class_battleship/bayern/qvzvavfuvatergheafpbyyrtronfxrgonyyyhttntronaqjvqgu472692228.asp,08/31/2010 12:03:28
http,HBO0413,PC-7384,http://americanexpress.com/Jos_Paranhos_Viscount_of_Rio_Branco/branco/tebffqbzrfgvpcebqhpgcrggenvavatbcgvzvmngvbapbyyrtrfbppre1263153509.jsp,08/31/2010 12:27:14
http,HBO0413,PC-7384,http://directv.com/Archaea/euryarchaeota/pbyyrtronfxrgonyycebsrffvbanyfbpprepbbxvatfnsrglfgnaqneqf1388694487.htm,08/31/2010 12:36:18
http,HBO0413,PC-7384,http://inbox.com/Cheadle_Hulme/hulme/yrnqrefuvcnanylfvfselvat513824541.aspx,08/31/2010 12:40:05
http,HBO0413,PC-7384,http://fiverr.com/Art_Ross/nha/uvfgbelbsfxvvatpbzzvffvbanccyvpngvbafjrngure820804556.asp,08/31/2010 12:42:44
http,HBO0413,PC-7384,http://wellsfargo.com/Benjamin_Harrison/harrisons/ynoahgevgvbayrnqrefuvctencuvpnyhfrevagresnpr1176430042.jsp,08/31/2010 12:45:56
http,HBO0413,PC-7384,http://adobe.com/Sinestro_Corps_War/ganthet/frysurycqrfxgbcgraavfqbhoyrfcebsrffvbanyubpxrl2005134786.aspx,08/31/2010 12:47:07
http,HBO0413,PC-7384,http://americanexpress.com/Jos_Paranhos_Viscount_of_Rio_Branco/branco/tebffqbzrfgvpcebqhpgcrggenvavatbcgvzvmngvbapbyyrtrfbppre1263153509.jsp,08/31/2010 13:06:13
http,HBO0413,PC-7384,http://m-w.com/In_Utero_album/cobain/tnzrfubjf1278951174.aspx,08/31/2010 13:13:48
http,HBO0413,PC-7384,http://npr.org/Creatures_of_Impulse/pipette/frysurycvagreargznexrgvat1389343354.aspx,08/31/2010 13:14:59
http,HBO0413,PC-7384,http://swagbucks.com/Millennium_73/maharaj/fyrrcvatfgnzvanynpebffr473849307.php,08/31/2010 13:25:16
http,HBO0413,PC-7384,http://walmart.com/Attack_on_Sydney_Harbour/yarroma/fnavgngvbacrgarhgrevatcebwrpg1508509670.html,08/31/2010 13:30:52
http,HBO0413,PC-7384,http://mediafire.com/Nathu_La/yadong/gernqzvyyyrnqrefuvc679300522.asp,08/31/2010 13:34:03
http,HBO0413,PC-7384,http://shareasale.com/1962_South_Vietnamese_Independence_Palace_bombing/quoc/jbefuvcyrnqrefuvcobjyvatgbheanzrag1438261804.php,08/31/2010 13:35:26
http,HBO0413,PC-7384,http://linkedin.com/Harry_Chauvel/chetwode/cebwrpg757315014.jsp,08/31/2010 13:36:45
http,HBO0413,PC-7384,http://inbox.com/Cheadle_Hulme/hulme/yrnqrefuvcnanylfvfselvat513824541.aspx,08/31/2010 13:49:23
http,HBO0413,PC-7384,http://linkwithin.com/Grunge/grunge/cngebysvfuvatebqonfronyyunyybssnzr747561123.html,08/31/2010 13:49:43
http,HBO0413,PC-7384,http://sidereel.com/Miniopterus_griveaudi/griveaudi/ivfnovplpyrpebffpbhageljbeyqfrevrf1447879033.htm,08/31/2010 13:59:36
http,HBO0413,PC-7384,http://battle.net/Temple_of_Eshmun/awali/cebsrffvbanyonfxrgonyyvafrpgercryyraglbtnenoovguhagvat540840586.asp,08/31/2010 14:01:00
http,HBO0413,PC-7384,http://vimeo.com/Suffolk_Punch/frsuffolk/havbaynpebffrjvqrnernargjbexpuhepurqhpngvba1582729609.html,08/31/2010 14:18:08
http,HBO0413,PC-7384,http://espn.go.com/Penda_of_Mercia/cearl/pnybevrjvqrnernargjbexsylsvfuvatfbppreunyybssnzr1817291291.aspx,08/31/2010 14:24:58
http,HBO0413,PC-7384,http://netteller.com/1984_Rajneeshee_bioterror_attack/rajneesh/qenznpbapregyvirzhfvpubefronpxevqvatfnsrgl410282030.jsp,08/31/2010 14:27:44
http,HBO0413,PC-7384,http://live.com/Banksia_verticillata/torndirrup/cebwrpg41502083.aspx,08/31/2010 14:29:40
http,HBO0413,PC-7384,http://foxnews.com/Murasaki_Shikibu/murasaki/fbppreunyybssnzrxnengrerdhrfgsbecebcbfny545253904.html,08/31/2010 14:36:13
http,HBO0413,PC-7384,http://mediafire.com/Nathu_La/yadong/gernqzvyyyrnqrefuvc679300522.asp,08/31/2010 14:36:58
http,HBO0413,PC-7384,http://officedepot.com/Cdwalla_of_Wessex/thelwealhs/obngznvagranaprjrngureobjyvatfcyvgf1750468637.html,08/31/2010 14:37:58
http,HBO0413,PC-7384,http://conduit.com/French_colonization_of_Texas/salle/cebwrpgfxvgevcznfffgbentrpbhagelzhfvp1636455169.jsp,08/31/2010 14:49:06
http,HBO0413,PC-7384,http://adobe.com/Sinestro_Corps_War/ganthet/frysurycqrfxgbcgraavfqbhoyrfcebsrffvbanyubpxrl2005134786.aspx,08/31/2010 15:12:52
http,HBO0413,PC-7384,http://shareasale.com/1962_South_Vietnamese_Independence_Palace_bombing/quoc/jbefuvcyrnqrefuvcobjyvatgbheanzrag1438261804.php,08/31/2010 15:19:47
http,HBO0413,PC-7384,http://foxnews.com/Murasaki_Shikibu/murasaki/fbppreunyybssnzrxnengrerdhrfgsbecebcbfny545253904.html,08/31/2010 15:20:20
http,HBO0413,PC-7384,http://fiverr.com/Art_Ross/nha/uvfgbelbsfxvvatpbzzvffvbanccyvpngvbafjrngure820804556.asp,08/31/2010 15:26:30
http,HBO0413,PC-7384,http://abcnews.go.com/Lactarius_indigo/indigo/rdhvczragfrysurycorneuhagvatgeniryntrapl1874713056.jsp,08/31/2010 15:29:58
http,HBO0413,PC-7384,http://foodnetwork.com/Makemake_dwarf_planet/licandro/flfgrzfvqrcynavatgenirythvqr1625394262.html,08/31/2010 15:48:13
http,HBO0413,PC-7384,http://about.com/Formation_and_evolution_of_the_Solar_System/8000k/nhgbgverercnveovttnzruhagvatpbyyrtrfbppre979325731.php,08/31/2010 15:52:12
http,HBO0413,PC-7384,http://dropbox.com/Ariel_moon/uranian/pyrnavatyrnqrefuvcpbfgvatonaqjvqgu1095891655.aspx,08/31/2010 16:00:21
http,HBO0413,PC-7384,http://eonline.com/Gregory_of_Nazianzus/sasima/gragcebwrpgcrgsvfupbyyrtrfbppre691547229.htm,08/31/2010 16:01:00
http,HBO0413,PC-7384,http://foxnews.com/Murasaki_Shikibu/murasaki/fbppreunyybssnzrxnengrerdhrfgsbecebcbfny545253904.html,08/31/2010 16:22:44
http,HBO0413,PC-7384,http://eonline.com/Gregory_of_Nazianzus/sasima/gragcebwrpgcrgsvfupbyyrtrfbppre691547229.htm,08/31/2010 16:27:55
http,HBO0413,PC-7384,http://mediafire.com/Nathu_La/yadong/gernqzvyyyrnqrefuvc679300522.asp,08/31/2010 16:29:28
http,HBO0413,PC-7384,http://sidereel.com/Miniopterus_griveaudi/griveaudi/ivfnovplpyrpebffpbhageljbeyqfrevrf1447879033.htm,08/31/2010 16:33:47
http,HBO0413,PC-7384,http://doubleclick.com/Rosendale_trestle/rosendale/cebsrffvbanyubpxrl171055517.html,08/31/2010 16:38:58
http,HBO0413,PC-7384,http://foxnews.com/Murasaki_Shikibu/murasaki/fbppreunyybssnzrxnengrerdhrfgsbecebcbfny545253904.html,08/31/2010 16:45:32
http,HBO0413,PC-7384,http://slideshare.net/Antonin_Scalia/originalist/pbyyrtrfbpprefcbegfyrnthrynotbysarjf790814244.jsp,08/31/2010 16:55:10
http,HBO0413,PC-7384,http://filesonic.com/AngloZanzibar_War/hamad/obngfnsrglynpebffryhttntrohzcreobjyvat1541419714.htm,08/31/2010 16:58:19
http,HBO0413,PC-7384,http://live.com/New_York_State_Route_32/schuylerville/vairfgvtngvbafrysurycubarlzbbanhgbjnkvat1229392995.asp,08/31/2010 17:02:41
http,HBO0413,PC-7384,http://wellsfargo.com/Benjamin_Harrison/harrisons/ynoahgevgvbayrnqrefuvctencuvpnyhfrevagresnpr1176430042.jsp,08/31/2010 17:10:44
http,HBO0413,PC-7384,http://wellsfargo.com/Benjamin_Harrison/harrisons/ynoahgevgvbayrnqrefuvctencuvpnyhfrevagresnpr1176430042.jsp,08/31/2010 17:11:09
http,HBO0413,PC-7384,http://blogspot.com/Pilot_Supernatural/railsback/flfgrz1092581757.php,08/31/2010 17:15:10
http,HBO0413,PC-7384,http://conduit.com/French_colonization_of_Texas/salle/cebwrpgfxvgevcznfffgbentrpbhagelzhfvp1636455169.jsp,08/31/2010 17:18:13
http,HBO0413,PC-7384,http://slideshare.net/Buffalo_nickel/repunched/jbeyqfrevrfgifrevrfzhfvptraer640513410.jsp,08/31/2010 17:28:21
http,HBO0413,PC-7384,http://outbrain.com/Master_Chief_Halo/cortana/yrnqrefuvcfbppregenvyevqvat739909429.jsp,08/31/2010 17:30:06
http,HBO0413,PC-7384,http://howstuffworks.com/Blair_Wark/joncourt/flfgrz871415696.htm,08/31/2010 17:30:55
http,HBO0413,PC-7384,http://wellsfargo.com/Benjamin_Harrison/harrisons/ynoahgevgvbayrnqrefuvctencuvpnyhfrevagresnpr1176430042.jsp,08/31/2010 17:35:55
http,HBO0413,PC-7384,http://inbox.com/Cheadle_Hulme/hulme/yrnqrefuvcnanylfvfselvat513824541.aspx,08/31/2010 17:47:21
http,HBO0413,PC-7384,http://adobe.com/Sinestro_Corps_War/ganthet/frysurycqrfxgbcgraavfqbhoyrfcebsrffvbanyubpxrl2005134786.aspx,08/31/2010 17:49:53
http,HBO0413,PC-7384,http://americanexpress.com/Jos_Paranhos_Viscount_of_Rio_Branco/branco/tebffqbzrfgvpcebqhpgcrggenvavatbcgvzvmngvbapbyyrtrfbppre1263153509.jsp,08/31/2010 17:52:40
email,HBO0413,PC-7384,Obrien-Harper@comcast.net,EHB116@gmail.com;Knight-Nash@comcast.net,36152,0,08/31/2010 09:19:23
email,HBO0413,PC-7384,Obrien-Harper@comcast.net,Suki.O.Grant@sbcglobal.net;Nyssa_B_Carver@earthlink.net,37060,0,08/31/2010 09:24:29
email,HBO0413,PC-7384,Obrien-Harper@comcast.net,Halee.K.Burnett@verizon.net,30796,0,08/31/2010 09:24:46
email,HBO0413,PC-7384,Obrien-Harper@comcast.net,MXL4898@cox.net,19338,0,08/31/2010 09:28:42
email,HBO0413,PC-7384,Harper.Basil.Obrien@dtaa.com,Noble.Devin.Mack@dtaa.com;DRS21@lockheedmartin.com,19132,0,08/31/2010 09:33:02
email,HBO0413,PC-7384,Obrien-Harper@comcast.net,KJW1@comcast.net;WHP638@juno.com,32814,0,08/31/2010 09:33:53
email,HBO0413,PC-7384,Obrien-Harper@comcast.net,Tillman_Rosalyn@earthlink.net,16779,0,08/31/2010 09:34:56
email,HBO0413,PC-7384,Harper.Basil.Obrien@dtaa.com,Nyssa.Britanney.Carver@dtaa.com;Roary_Reilly@northropgrumman.com,33622,0,08/31/2010 09:40:32
email,HBO0413,PC-7384,Harper.Basil.Obrien@dtaa.com,Suki.Ori.Grant@dtaa.com,30202,0,08/31/2010 09:41:35
device,HBO0413,PC-7384,Connect,08/31/2010 09:15:31
device,HBO0413,PC-7384,Connect,08/31/2010 15:54:47
device,HBO0413,PC-7384,Disconnect,08/31/2010 15:55:06
