logon,ABC0174,PC-5156,Logon,09/08/2010 07:36:00
logon,ABC0174,PC-5156,Logon,09/08/2010 13:24:57
logon,ABC0174,PC-5156,Logoff,09/08/2010 15:46:00
http,ABC0174,PC-5156,http://sourceforge.net/Elizabeth_Canning/canningites/ovyyvneqfobbxfsver1625813682.htm,09/08/2010 07:38:38
http,ABC0174,PC-5156,http://linksynergy.com/Andrew_Johnston_singer/brannock/sveroybttvatfnygjngreornpuovyyvneqfunyy1566888039.aspx,09/08/2010 07:47:55
http,ABC0174,PC-5156,http://vistaprint.com/History_of_Stoke_City_FC/8409/pnzcvatpurpxyvfgpbyyrtronfronyycbbygnoyrffpvraprsvpgvba1222485214.jsp,09/08/2010 07:48:21
http,ABC0174,PC-5156,http://linksynergy.com/Andrew_Johnston_singer/brannock/sveroybttvatfnygjngreornpuovyyvneqfunyy1566888039.aspx,09/08/2010 07:49:22
http,ABC0174,PC-5156,http://washingtonpost.com/2007_USC_Trojans_football_team/usc/jnyxvatfubrfp++1845683876.html,09/08/2010 07:50:29
http,ABC0174,PC-5156,http://costco.com/Galaxy/galaxies/zbhagnvaovxruhzbepehgpurfzhfvptraer201170895.html,09/08/2010 07:52:01
http,ABC0174,PC-5156,http://noaa.gov/Covent_Garden/charrington/havplpyrqrcerpvngvbajnyxvatfubrf1700290374.jsp,09/08/2010 07:53:39
http,ABC0174,PC-5156,http://washingtonpost.com/2007_USC_Trojans_football_team/usc/jnyxvatfubrfp++1845683876.html,09/08/2010 07:56:29
http,ABC0174,PC-5156,http://force.com/Clemuel_Ricketts_Mansion/clemuel/nhgbzbgvirgeniryjnyxvatfubrfzbgbeplpyryrngure28416915.aspx,09/08/2010 07:58:15
http,ABC0174,PC-5156,http://evite.com/El_Greco/wethey/vairagbelkzyzbgbeplpyrerivrjfserapupbbxvat420999109.php,09/08/2010 07:58:24
http,ABC0174,PC-5156,http://typepad.com/Joseph_Priestley/dephlogisticated/jnyxgurqbtgrpuabybtl1109036229.aspx,09/08/2010 07:59:21
http,ABC0174,PC-5156,http://merchantcircle.com/Neptune/egalit/uvxvatfabjobneqovplpyrgbhevat1262792585.html,09/08/2010 08:00:11
http,ABC0174,PC-5156,http://1saleaday.com/Indian_Head_gold_pieces/bigelow/jnyxgurqbtnagvivehfqvzrafvbaf1575725223.jsp,09/08/2010 08:00:18
http,ABC0174,PC-5156,http://scribd.com/Hillsgrove_Covered_Bridge/rinker/pehgpurffrnzfgerff1410301084.php,09/08/2010 08:00:55
http,ABC0174,PC-5156,http://conduit.com/LeadII_nitrate/bidentate/npgvbapbbxvat1014723362.htm,09/08/2010 08:00:57
http,ABC0174,PC-5156,http://filesonic.com/Cricket_World_Cup/klusener/uvxvatfrjvatcvaovplpyruryzrgcnex1540966256.aspx,09/08/2010 08:01:10
http,ABC0174,PC-5156,http://scribd.com/Hillsgrove_Covered_Bridge/rinker/pehgpurffrnzfgerff1410301084.php,09/08/2010 08:04:27
http,ABC0174,PC-5156,http://sourceforge.net/Elizabeth_Canning/canningites/ovyyvneqfobbxfsver1625813682.htm,09/08/2010 08:10:55
http,ABC0174,PC-5156,http://1saleaday.com/Mercury_dime/dimes/frphevglsvernhgbercnveznahnyf1114821738.aspx,09/08/2010 08:13:16
http,ABC0174,PC-5156,http://costco.com/Galaxy/galaxies/zbhagnvaovxruhzbepehgpurfzhfvptraer201170895.html,09/08/2010 08:17:16
http,ABC0174,PC-5156,http://1saleaday.com/Mercury_dime/dimes/frphevglsvernhgbercnveznahnyf1114821738.aspx,09/08/2010 08:21:28
http,ABC0174,PC-5156,http://ebay.com/Stonewall_riots/kamenys/sverqenznbhgyrgpragrefubccvatzbhagrqbevragrrevat959308762.php,09/08/2010 08:31:03
http,ABC0174,PC-5156,http://livejournal.com/Red_River_Trails/kittson/snzvylfvkfvtznjrofvgrqrirybczragonfxrgonyyunyybssnzr626890445.htm,09/08/2010 08:33:43
http,ABC0174,PC-5156,http://cox.com/T26/tmm/pnzcvatpurpxyvfgfnyrfpbbxvathgrafvyfpbapragengvbapneqtnzr173671726.htm,09/08/2010 08:39:16
http,ABC0174,PC-5156,http://washingtonpost.com/2007_USC_Trojans_football_team/usc/jnyxvatfubrfp++1845683876.html,09/08/2010 08:48:01
http,ABC0174,PC-5156,http://costco.com/Galaxy/galaxies/zbhagnvaovxruhzbepehgpurfzhfvptraer201170895.html,09/08/2010 08:49:07
http,ABC0174,PC-5156,http://washingtonpost.com/2007_USC_Trojans_football_team/usc/jnyxvatfubrfp++1845683876.html,09/08/2010 08:50:25
http,ABC0174,PC-5156,http://usaa.com/Operation_Downfall/kysh/cvabpuyrpneqtnzrcbybvairagbel1516195864.html,09/08/2010 08:56:58
http,ABC0174,PC-5156,http://optmd.com/Mom_and_Dad/liphams/ernyvglgiuvercrgurnyguonfronyy1269003593.aspx,09/08/2010 08:57:15
http,ABC0174,PC-5156,http://filesonic.com/Cricket_World_Cup/klusener/uvxvatfrjvatcvaovplpyruryzrgcnex1540966256.aspx,09/08/2010 08:58:17
http,ABC0174,PC-5156,http://evite.com/El_Greco/wethey/vairagbelkzyzbgbeplpyrerivrjfserapupbbxvat420999109.php,09/08/2010 09:06:05
http,ABC0174,PC-5156,http://zazzle.com/Cirrus_cloud/cirrocumulus/chepunfvatfpvraprsvpgvba670214339.aspx,09/08/2010 09:14:17
http,ABC0174,PC-5156,http://lifehacker.com/Bharattherium/bharattherium/ncnpurfbpvnyargjbexvatfpvraprsvpgvbavaqbbetneqra817605078.php,09/08/2010 09:14:45
http,ABC0174,PC-5156,http://costco.com/Galaxy/galaxies/zbhagnvaovxruhzbepehgpurfzhfvptraer201170895.html,09/08/2010 09:15:09
http,ABC0174,PC-5156,http://linksynergy.com/Andrew_Johnston_singer/brannock/sveroybttvatfnygjngreornpuovyyvneqfunyy1566888039.aspx,09/08/2010 09:18:54
http,ABC0174,PC-5156,http://ebay.com/Stonewall_riots/kamenys/sverqenznbhgyrgpragrefubccvatzbhagrqbevragrrevat959308762.php,09/08/2010 09:22:43
http,ABC0174,PC-5156,http://etsy.com/Climate_of_India/mawsynram/ercbegfnffrgfgryrznexrgvatqngnonfr1992030467.php,09/08/2010 09:26:32
http,ABC0174,PC-5156,http://basecamphq.com/Indigenous_people_of_the_Everglades_region/tequesta/ryxuhagvatfbpvnyargjbexvatcrqbzrgre330338826.aspx,09/08/2010 09:31:56
http,ABC0174,PC-5156,http://mcssl.com/Assata_Shakur/assatas/gryrznexrgvat1318459712.asp,09/08/2010 09:34:17
http,ABC0174,PC-5156,http://torrentz.eu/Europa_moon/cryobot/fxvybqtrvairagbelcebprffpbageby239502551.aspx,09/08/2010 09:37:29
http,ABC0174,PC-5156,http://lifehacker.com/Bharattherium/bharattherium/ncnpurfbpvnyargjbexvatfpvraprsvpgvbavaqbbetneqra817605078.php,09/08/2010 09:39:58
http,ABC0174,PC-5156,http://realtor.com/Final_Fantasy_VI/overworld/tneqragbbyfurycqrfxfrjvatoybtcrqbzrgre35343784.jsp,09/08/2010 09:43:34
http,ABC0174,PC-5156,http://merchantcircle.com/Neptune/egalit/uvxvatfabjobneqovplpyrgbhevat1262792585.html,09/08/2010 09:47:54
http,ABC0174,PC-5156,http://nfl.com/Congregation_Baith_Israel_Anshei_Emes/goldfarbs/qryrtngrvairagbel520468922.htm,09/08/2010 09:49:33
http,ABC0174,PC-5156,http://zazzle.com/Cirrus_cloud/cirrocumulus/chepunfvatfpvraprsvpgvba670214339.aspx,09/08/2010 09:56:24
http,ABC0174,PC-5156,http://stumbleupon.com/Natalee_Holloway/kalpoes/enoovguhagvatcvnabfpvraprsvpgvbafrrvatrlrqbt1878886907.html,09/08/2010 09:56:26
http,ABC0174,PC-5156,http://about.com/Grays_Inn/cherke/harzcyblzragsver1434742481.asp,09/08/2010 09:56:29
http,ABC0174,PC-5156,http://linksynergy.com/Andrew_Johnston_singer/brannock/sveroybttvatfnygjngreornpuovyyvneqfunyy1566888039.aspx,09/08/2010 09:56:35
http,ABC0174,PC-5156,http://homedepot.com/AMX30/30ds/ernyvglgipnqqlobaqf790368276.aspx,09/08/2010 09:57:00
http,ABC0174,PC-5156,http://verizon.com/2006_Westchester_County_tornado/edt/vprubpxrlnhgberfgbengvbasverobqlohvyqvat807614485.php,09/08/2010 10:02:01
http,ABC0174,PC-5156,http://livejournal.com/Red_River_Trails/kittson/snzvylfvkfvtznjrofvgrqrirybczragonfxrgonyyunyybssnzr626890445.htm,09/08/2010 10:11:32
http,ABC0174,PC-5156,http://force.com/Clemuel_Ricketts_Mansion/clemuel/nhgbzbgvirgeniryjnyxvatfubrfzbgbeplpyryrngure28416915.aspx,09/08/2010 10:11:40
http,ABC0174,PC-5156,http://about.com/Grays_Inn/cherke/harzcyblzragsver1434742481.asp,09/08/2010 10:12:58
http,ABC0174,PC-5156,http://etsy.com/Climate_of_India/mawsynram/ercbegfnffrgfgryrznexrgvatqngnonfr1992030467.php,09/08/2010 10:20:10
http,ABC0174,PC-5156,http://costco.com/Galaxy/galaxies/zbhagnvaovxruhzbepehgpurfzhfvptraer201170895.html,09/08/2010 10:25:04
http,ABC0174,PC-5156,http://costco.com/Galaxy/galaxies/zbhagnvaovxruhzbepehgpurfzhfvptraer201170895.html,09/08/2010 10:25:05
http,ABC0174,PC-5156,http://weebly.com/Georgetown_University/hoyas/cenpgvprcynlvatzhfvpsnzvylterragenafcbegngvbacebsrffvbanyfbppre1726875144.html,09/08/2010 10:31:18
http,ABC0174,PC-5156,http://boston.com/Earth/chimborazo/uvxvat1293859769.htm,09/08/2010 10:33:57
http,ABC0174,PC-5156,http://about.com/Grays_Inn/cherke/harzcyblzragsver1434742481.asp,09/08/2010 10:35:25
http,ABC0174,PC-5156,http://tripadvisor.com/Murasaki_Shikibu/murasaki/sversvefgnvq1637716117.html,09/08/2010 10:36:55
http,ABC0174,PC-5156,http://boston.com/Earth/chimborazo/uvxvat1293859769.htm,09/08/2010 10:38:46
http,ABC0174,PC-5156,http://yfrog.com/Saffron/saffron/fhccbegfhcreobjy789727225.aspx,09/08/2010 10:39:25
http,ABC0174,PC-5156,http://evite.com/El_Greco/wethey/vairagbelkzyzbgbeplpyrerivrjfserapupbbxvat420999109.php,09/08/2010 10:46:16
http,ABC0174,PC-5156,http://costco.com/Galaxy/galaxies/zbhagnvaovxruhzbepehgpurfzhfvptraer201170895.html,09/08/2010 10:49:08
http,ABC0174,PC-5156,http://ebay.com/Stonewall_riots/kamenys/sverqenznbhgyrgpragrefubccvatzbhagrqbevragrrevat959308762.php,09/08/2010 10:51:21
http,ABC0174,PC-5156,http://cox.com/T26/tmm/pnzcvatpurpxyvfgfnyrfpbbxvathgrafvyfpbapragengvbapneqtnzr173671726.htm,09/08/2010 10:57:31
http,ABC0174,PC-5156,http://mylife.com/2009_Lamar_Hunt_US_Open_Cup_Final/sounders/nanylgvpfnpgvba1863440288.php,09/08/2010 11:02:18
http,ABC0174,PC-5156,http://lifehacker.com/Bharattherium/bharattherium/ncnpurfbpvnyargjbexvatfpvraprsvpgvbavaqbbetneqra817605078.php,09/08/2010 11:12:31
http,ABC0174,PC-5156,http://ebay.com/Stonewall_riots/kamenys/sverqenznbhgyrgpragrefubccvatzbhagrqbevragrrevat959308762.php,09/08/2010 11:19:46
http,ABC0174,PC-5156,http://theblaze.com/Helgoland_class_battleship/helgoland/gryrznexrgvatevsyrfnyrfnhgberfgbengvba1106873655.asp,09/08/2010 11:21:36
http,ABC0174,PC-5156,http://sparkstudios.com/French_colonization_of_Texas/salle/fvkfvtzncrgarhgrevatvairagbel1264606395.php,09/08/2010 11:22:22
http,ABC0174,PC-5156,http://force.com/Clemuel_Ricketts_Mansion/clemuel/nhgbzbgvirgeniryjnyxvatfubrfzbgbeplpyryrngure28416915.aspx,09/08/2010 11:22:37
http,ABC0174,PC-5156,http://force.com/Clemuel_Ricketts_Mansion/clemuel/nhgbzbgvirgeniryjnyxvatfubrfzbgbeplpyryrngure28416915.aspx,09/08/2010 11:23:18
http,ABC0174,PC-5156,http://swagbucks.com/ET_the_ExtraTerrestrial/burtts/nvegeniryjnyxvatgenvyfpehvfr1194706231.aspx,09/08/2010 11:25:24
http,ABC0174,PC-5156,http://about.com/Grays_Inn/cherke/harzcyblzragsver1434742481.asp,09/08/2010 11:28:05
http,ABC0174,PC-5156,http://macrumors.com/European_Commission/barroso/grnzpneqtnzrfiveghnycevingrargjbexuhzbe614928412.jsp,09/08/2010 11:30:49
http,ABC0174,PC-5156,http://digitalpoint.com/Hudson_Valley_Rail_Trail/costantino/frnzfgerffpbzzvffvbaylevpfinpngvba1988739345.htm,09/08/2010 11:31:55
http,ABC0174,PC-5156,http://mcssl.com/Assata_Shakur/assatas/gryrznexrgvat1318459712.asp,09/08/2010 11:34:28
http,ABC0174,PC-5156,http://etsy.com/Climate_of_India/mawsynram/ercbegfnffrgfgryrznexrgvatqngnonfr1992030467.php,09/08/2010 11:35:19
http,ABC0174,PC-5156,http://theblaze.com/Helgoland_class_battleship/helgoland/gryrznexrgvatevsyrfnyrfnhgberfgbengvba1106873655.asp,09/08/2010 11:39:37
http,ABC0174,PC-5156,http://etsy.com/Climate_of_India/mawsynram/ercbegfnffrgfgryrznexrgvatqngnonfr1992030467.php,09/08/2010 11:41:32
http,ABC0174,PC-5156,http://twitpic.com/Elvis_Presley/graceland/bylzcvpfgryrznexrgvatebjobng530775245.php,09/08/2010 11:41:42
http,ABC0174,PC-5156,http://patch.com/Planetary_nebula/t40/pnzctebhaqfgryrznexrgvatshaqvat1477676686.php,09/08/2010 11:42:19
http,ABC0174,PC-5156,http://city-data.com/No_Way_Out_2004/hotty/sregvyvmreaba-svpgvbaovyyvneqfgbheanzragsnzvyl531794135.html,09/08/2010 11:51:07
http,ABC0174,PC-5156,http://merchantcircle.com/Neptune/egalit/uvxvatfabjobneqovplpyrgbhevat1262792585.html,09/08/2010 11:53:33
http,ABC0174,PC-5156,http://sourceforge.net/Elizabeth_Canning/canningites/ovyyvneqfobbxfsver1625813682.htm,09/08/2010 11:54:51
http,ABC0174,PC-5156,http://linksynergy.com/Andrew_Johnston_singer/brannock/sveroybttvatfnygjngreornpuovyyvneqfunyy1566888039.aspx,09/08/2010 11:56:10
http,ABC0174,PC-5156,http://realtor.com/Final_Fantasy_VI/overworld/tneqragbbyfurycqrfxfrjvatoybtcrqbzrgre35343784.jsp,09/08/2010 11:56:58
http,ABC0174,PC-5156,http://digitalpoint.com/Hudson_Valley_Rail_Trail/costantino/frnzfgerffpbzzvffvbaylevpfinpngvba1988739345.htm,09/08/2010 11:59:09
http,ABC0174,PC-5156,http://youtube.com/Bart_Simpson/krabappel/ernyvglgianabgrpuabybtl1901820090.html,09/08/2010 12:01:18
http,ABC0174,PC-5156,http://nfl.com/Greece_runestones/dybeck/snzvyltvaehzzlpneqtnzrarjffbsgonyy1814779370.jsp,09/08/2010 12:02:32
http,ABC0174,PC-5156,http://ebay.com/Stonewall_riots/kamenys/sverqenznbhgyrgpragrefubccvatzbhagrqbevragrrevat959308762.php,09/08/2010 12:06:08
http,ABC0174,PC-5156,http://etsy.com/Climate_of_India/mawsynram/ercbegfnffrgfgryrznexrgvatqngnonfr1992030467.php,09/08/2010 12:09:19
http,ABC0174,PC-5156,http://1saleaday.com/Mercury_dime/dimes/frphevglsvernhgbercnveznahnyf1114821738.aspx,09/08/2010 12:10:17
http,ABC0174,PC-5156,http://force.com/Clemuel_Ricketts_Mansion/clemuel/nhgbzbgvirgeniryjnyxvatfubrfzbgbeplpyryrngure28416915.aspx,09/08/2010 12:10:49
http,ABC0174,PC-5156,http://linksynergy.com/Andrew_Johnston_singer/brannock/sveroybttvatfnygjngreornpuovyyvneqfunyy1566888039.aspx,09/08/2010 12:10:51
http,ABC0174,PC-5156,http://washingtonpost.com/2007_USC_Trojans_football_team/usc/jnyxvatfubrfp++1845683876.html,09/08/2010 12:10:54
http,ABC0174,PC-5156,http://costco.com/Galaxy/galaxies/zbhagnvaovxruhzbepehgpurfzhfvptraer201170895.html,09/08/2010 13:27:13
http,ABC0174,PC-5156,http://costco.com/Galaxy/galaxies/zbhagnvaovxruhzbepehgpurfzhfvptraer201170895.html,09/08/2010 13:27:26
http,ABC0174,PC-5156,http://macrumors.com/European_Commission/barroso/grnzpneqtnzrfiveghnycevingrargjbexuhzbe614928412.jsp,09/08/2010 13:27:32
http,ABC0174,PC-5156,http://costco.com/Galaxy/galaxies/zbhagnvaovxruhzbepehgpurfzhfvptraer201170895.html,09/08/2010 13:28:28
http,ABC0174,PC-5156,http://costco.com/Galaxy/galaxies/zbhagnvaovxruhzbepehgpurfzhfvptraer201170895.html,09/08/2010 13:28:33
http,ABC0174,PC-5156,http://noaa.gov/Covent_Garden/charrington/havplpyrqrcerpvngvbajnyxvatfubrf1700290374.jsp,09/08/2010 13:28:55
http,ABC0174,PC-5156,http://mylife.com/2009_Lamar_Hunt_US_Open_Cup_Final/sounders/nanylgvpfnpgvba1863440288.php,09/08/2010 13:28:58
http,ABC0174,PC-5156,http://force.com/Clemuel_Ricketts_Mansion/clemuel/nhgbzbgvirgeniryjnyxvatfubrfzbgbeplpyryrngure28416915.aspx,09/08/2010 13:29:00
http,ABC0174,PC-5156,http://linksynergy.com/Andrew_Johnston_singer/brannock/sveroybttvatfnygjngreornpuovyyvneqfunyy1566888039.aspx,09/08/2010 13:31:17
http,ABC0174,PC-5156,http://realtor.com/Final_Fantasy_VI/overworld/tneqragbbyfurycqrfxfrjvatoybtcrqbzrgre35343784.jsp,09/08/2010 13:35:00
http,ABC0174,PC-5156,http://realtor.com/Final_Fantasy_VI/overworld/tneqragbbyfurycqrfxfrjvatoybtcrqbzrgre35343784.jsp,09/08/2010 13:38:10
http,ABC0174,PC-5156,http://washingtonpost.com/2007_USC_Trojans_football_team/usc/jnyxvatfubrfp++1845683876.html,09/08/2010 13:38:22
http,ABC0174,PC-5156,http://optmd.com/Mom_and_Dad/liphams/ernyvglgiuvercrgurnyguonfronyy1269003593.aspx,09/08/2010 13:39:52
http,ABC0174,PC-5156,http://basecamphq.com/Indigenous_people_of_the_Everglades_region/tequesta/ryxuhagvatfbpvnyargjbexvatcrqbzrgre330338826.aspx,09/08/2010 13:41:07
http,ABC0174,PC-5156,http://homedepot.com/AMX30/30ds/ernyvglgipnqqlobaqf790368276.aspx,09/08/2010 13:42:30
http,ABC0174,PC-5156,http://sparkstudios.com/French_colonization_of_Texas/salle/fvkfvtzncrgarhgrevatvairagbel1264606395.php,09/08/2010 13:48:38
http,ABC0174,PC-5156,http://lifehacker.com/Bharattherium/bharattherium/ncnpurfbpvnyargjbexvatfpvraprsvpgvbavaqbbetneqra817605078.php,09/08/2010 13:48:59
http,ABC0174,PC-5156,http://1saleaday.com/Mercury_dime/dimes/frphevglsvernhgbercnveznahnyf1114821738.aspx,09/08/2010 13:49:17
http,ABC0174,PC-5156,http://conduit.com/LeadII_nitrate/bidentate/npgvbapbbxvat1014723362.htm,09/08/2010 13:50:08
http,ABC0174,PC-5156,http://seekingalpha.com/Arthur_Or_the_Decline_and_Fall_of_the_British_Empire/starostin/uhzbe603240191.php,09/08/2010 13:50:25
http,ABC0174,PC-5156,http://1saleaday.com/Mercury_dime/dimes/frphevglsvernhgbercnveznahnyf1114821738.aspx,09/08/2010 13:58:25
http,ABC0174,PC-5156,http://ebay.com/Stonewall_riots/kamenys/sverqenznbhgyrgpragrefubccvatzbhagrqbevragrrevat959308762.php,09/08/2010 14:05:05
http,ABC0174,PC-5156,http://force.com/Clemuel_Ricketts_Mansion/clemuel/nhgbzbgvirgeniryjnyxvatfubrfzbgbeplpyryrngure28416915.aspx,09/08/2010 14:11:27
http,ABC0174,PC-5156,http://washingtonpost.com/2007_USC_Trojans_football_team/usc/jnyxvatfubrfp++1845683876.html,09/08/2010 14:16:30
http,ABC0174,PC-5156,http://verizon.com/2006_Westchester_County_tornado/edt/vprubpxrlnhgberfgbengvbasverobqlohvyqvat807614485.php,09/08/2010 14:17:41
http,ABC0174,PC-5156,http://mylife.com/2009_Lamar_Hunt_US_Open_Cup_Final/sounders/nanylgvpfnpgvba1863440288.php,09/08/2010 14:29:13
http,ABC0174,PC-5156,http://mylife.com/2009_Lamar_Hunt_US_Open_Cup_Final/sounders/nanylgvpfnpgvba1863440288.php,09/08/2010 14:29:50
http,ABC0174,PC-5156,http://noaa.gov/Covent_Garden/charrington/havplpyrqrcerpvngvbajnyxvatfubrf1700290374.jsp,09/08/2010 14:30:14
http,ABC0174,PC-5156,http://force.com/Clemuel_Ricketts_Mansion/clemuel/nhgbzbgvirgeniryjnyxvatfubrfzbgbeplpyryrngure28416915.aspx,09/08/2010 14:32:19
http,ABC0174,PC-5156,http://amazonaws.com/Congregation_Baith_Israel_Anshei_Emes/goldfarbs/obngvatehyrffpvraprfhcreobjy222502931.html,09/08/2010 14:32:22
http,ABC0174,PC-5156,http://washingtonpost.com/2007_USC_Trojans_football_team/usc/jnyxvatfubrfp++1845683876.html,09/08/2010 14:34:21
http,ABC0174,PC-5156,http://verizon.com/2006_Westchester_County_tornado/edt/vprubpxrlnhgberfgbengvbasverobqlohvyqvat807614485.php,09/08/2010 14:36:31
http,ABC0174,PC-5156,http://amazonaws.com/Congregation_Baith_Israel_Anshei_Emes/goldfarbs/obngvatehyrffpvraprfhcreobjy222502931.html,09/08/2010 14:37:32
http,ABC0174,PC-5156,http://noaa.gov/Covent_Garden/charrington/havplpyrqrcerpvngvbajnyxvatfubrf1700290374.jsp,09/08/2010 14:44:03
http,ABC0174,PC-5156,http://linksynergy.com/Andrew_Johnston_singer/brannock/sveroybttvatfnygjngreornpuovyyvneqfunyy1566888039.aspx,09/08/2010 14:44:27
http,ABC0174,PC-5156,http://lifehacker.com/Bharattherium/bharattherium/ncnpurfbpvnyargjbexvatfpvraprsvpgvbavaqbbetneqra817605078.php,09/08/2010 14:47:43
http,ABC0174,PC-5156,http://twitpic.com/Elvis_Presley/graceland/bylzcvpfgryrznexrgvatebjobng530775245.php,09/08/2010 14:48:01
http,ABC0174,PC-5156,http://boston.com/Earth/chimborazo/uvxvat1293859769.htm,09/08/2010 14:50:08
http,ABC0174,PC-5156,http://force.com/Clemuel_Ricketts_Mansion/clemuel/nhgbzbgvirgeniryjnyxvatfubrfzbgbeplpyryrngure28416915.aspx,09/08/2010 14:50:26
http,ABC0174,PC-5156,http://basecamphq.com/Indigenous_people_of_the_Everglades_region/tequesta/ryxuhagvatfbpvnyargjbexvatcrqbzrgre330338826.aspx,09/08/2010 14:53:41
http,ABC0174,PC-5156,http://evite.com/El_Greco/wethey/vairagbelkzyzbgbeplpyrerivrjfserapupbbxvat420999109.php,09/08/2010 14:53:50
http,ABC0174,PC-5156,http://stumbleupon.com/Natalee_Holloway/kalpoes/enoovguhagvatcvnabfpvraprsvpgvbafrrvatrlrqbt1878886907.html,09/08/2010 14:58:58
http,ABC0174,PC-5156,http://linksynergy.com/Andrew_Johnston_singer/brannock/sveroybttvatfnygjngreornpuovyyvneqfunyy1566888039.aspx,09/08/2010 15:00:55
http,ABC0174,PC-5156,http://1saleaday.com/Mercury_dime/dimes/frphevglsvernhgbercnveznahnyf1114821738.aspx,09/08/2010 15:01:19
http,ABC0174,PC-5156,http://boston.com/Earth/chimborazo/uvxvat1293859769.htm,09/08/2010 15:01:24
http,ABC0174,PC-5156,http://1saleaday.com/Indian_Head_gold_pieces/bigelow/jnyxgurqbtnagvivehfqvzrafvbaf1575725223.jsp,09/08/2010 15:03:01
http,ABC0174,PC-5156,http://shutterfly.com/Ruff/lek/nhgbercnveznahnyfpnfusybjonaqjvqgusver1773026253.asp,09/08/2010 15:04:29
http,ABC0174,PC-5156,http://linksynergy.com/Andrew_Johnston_singer/brannock/sveroybttvatfnygjngreornpuovyyvneqfunyy1566888039.aspx,09/08/2010 15:05:00
http,ABC0174,PC-5156,http://costco.com/Galaxy/galaxies/zbhagnvaovxruhzbepehgpurfzhfvptraer201170895.html,09/08/2010 15:06:14
http,ABC0174,PC-5156,http://ebay.com/Stonewall_riots/kamenys/sverqenznbhgyrgpragrefubccvatzbhagrqbevragrrevat959308762.php,09/08/2010 15:06:21
http,ABC0174,PC-5156,http://linksynergy.com/Andrew_Johnston_singer/brannock/sveroybttvatfnygjngreornpuovyyvneqfunyy1566888039.aspx,09/08/2010 15:06:29
http,ABC0174,PC-5156,http://about.com/Grays_Inn/cherke/harzcyblzragsver1434742481.asp,09/08/2010 15:08:51
http,ABC0174,PC-5156,http://about.com/Grays_Inn/cherke/harzcyblzragsver1434742481.asp,09/08/2010 15:16:59
http,ABC0174,PC-5156,http://evite.com/El_Greco/wethey/vairagbelkzyzbgbeplpyrerivrjfserapupbbxvat420999109.php,09/08/2010 15:19:30
http,ABC0174,PC-5156,http://etsy.com/Climate_of_India/mawsynram/ercbegfnffrgfgryrznexrgvatqngnonfr1992030467.php,09/08/2010 15:19:48
http,ABC0174,PC-5156,http://mylife.com/2009_Lamar_Hunt_US_Open_Cup_Final/sounders/nanylgvpfnpgvba1863440288.php,09/08/2010 15:20:45
http,ABC0174,PC-5156,http://force.com/Clemuel_Ricketts_Mansion/clemuel/nhgbzbgvirgeniryjnyxvatfubrfzbgbeplpyryrngure28416915.aspx,09/08/2010 15:20:58
http,ABC0174,PC-5156,http://merchantcircle.com/Neptune/egalit/uvxvatfabjobneqovplpyrgbhevat1262792585.html,09/08/2010 15:23:05
http,ABC0174,PC-5156,http://usaa.com/Operation_Downfall/kysh/cvabpuyrpneqtnzrcbybvairagbel1516195864.html,09/08/2010 15:28:11
http,ABC0174,PC-5156,http://about.com/Grays_Inn/cherke/harzcyblzragsver1434742481.asp,09/08/2010 15:30:12
http,ABC0174,PC-5156,http://costco.com/Galaxy/galaxies/zbhagnvaovxruhzbepehgpurfzhfvptraer201170895.html,09/08/2010 15:40:34
http,ABC0174,PC-5156,http://costco.com/Galaxy/galaxies/zbhagnvaovxruhzbepehgpurfzhfvptraer201170895.html,09/08/2010 15:41:52
http,ABC0174,PC-5156,http://linksynergy.com/Andrew_Johnston_singer/brannock/sveroybttvatfnygjngreornpuovyyvneqfunyy1566888039.aspx,09/08/2010 15:42:21
http,ABC0174,PC-5156,http://about.com/Grays_Inn/cherke/harzcyblzragsver1434742481.asp,09/08/2010 15:42:23
http,ABC0174,PC-5156,http://linksynergy.com/Andrew_Johnston_singer/brannock/sveroybttvatfnygjngreornpuovyyvneqfunyy1566888039.aspx,09/08/2010 15:42:24
email,ABC0174,PC-5156,Allegra.Bree.Coffey@dtaa.com,Melodie.Chantale.Joyce@dtaa.com,26248,0,09/08/2010 11:43:59
email,ABC0174,PC-5156,Allegra_Coffey@optonline.net,Blair_Grimes@aol.com,23557,0,09/08/2010 11:48:46
email,ABC0174,PC-5156,Allegra_Coffey@optonline.net,Jensen_Meghan@charter.net;AMR5@earthlink.net,23127,0,09/08/2010 11:50:32
email,ABC0174,PC-5156,Allegra_Coffey@optonline.net,CPG697@cox.net,24381,0,09/08/2010 11:54:32
email,ABC0174,PC-5156,Allegra_Coffey@optonline.net,Brewer-Armand@hotmail.com;Gray.Josiah@verizon.net,44343,0,09/08/2010 11:55:34
email,ABC0174,PC-5156,Allegra_Coffey@optonline.net,SDO8@netzero.com,18024,0,09/08/2010 11:56:37
email,ABC0174,PC-5156,Allegra_Coffey@optonline.net,Blair_Grimes@aol.com,23139,0,09/08/2010 11:57:26
email,ABC0174,PC-5156,Allegra_Coffey@optonline.net,Bianca_Roach@juno.com,21724,0,09/08/2010 11:59:32
email,ABC0174,PC-5156,Allegra_Coffey@optonline.net,Violet_Griffin@aol.com,30013,0,09/08/2010 11:59:51
email,ABC0174,PC-5156,Allegra_Coffey@optonline.net,Blair_Grimes@aol.com;Valdez-Plato@verizon.net;Fields-Martina@earthlink.net;Isabella_M_Graham@juno.com,29990,0,09/08/2010 12:01:26
email,ABC0174,PC-5156,Allegra_Coffey@optonline.net,Arsenio-Wilder@juno.com;Melodie.C.Joyce@verizon.net,23480,0,09/08/2010 12:03:00
email,ABC0174,PC-5156,Allegra_Coffey@optonline.net,Raymond_Osborne@charter.net,32597,0,09/08/2010 12:04:36
email,ABC0174,PC-5156,Allegra_Coffey@optonline.net,Raymond_Osborne@charter.net,23443,0,09/08/2010 12:07:48
email,ABC0174,PC-5156,Allegra_Coffey@optonline.net,Bianca_Roach@juno.com,39523,0,09/08/2010 12:08:03
email,ABC0174,PC-5156,Allegra_Coffey@optonline.net,Nichole_Frye@netzero.com,25650,0,09/08/2010 12:10:21
device,ABC0174,PC-5156,Connect,09/08/2010 15:16:04
device,ABC0174,PC-5156,Disconnect,09/08/2010 15:25:57
