logon,AAF0535,PC-2408,Logon,02/26/2010 08:46:00
logon,AAF0535,PC-2408,Logoff,02/26/2010 17:02:00
file,AAF0535,PC-2408,XOKZNJHQ.doc,02/26/2010 13:53:00
file,AAF0535,PC-2408,AFS6CS6L.doc,02/26/2010 13:54:22
file,AAF0535,PC-2408,OQ91DD4C.doc,02/26/2010 13:57:02
file,AAF0535,PC-2408,Y1UFNT3L.doc,02/26/2010 14:50:36
file,AAF0535,PC-2408,UVR14C5C.txt,02/26/2010 14:50:43
http,AAF0535,PC-2408,http://pcworld.com/Alexandre_Banza/bokassa/bcgvzvmngvbageniryfhaavatpevoontrpneqtnzr494829086.php,02/26/2010 08:50:30
http,AAF0535,PC-2408,http://pcworld.com/Alexandre_Banza/bokassa/bcgvzvmngvbageniryfhaavatpevoontrpneqtnzr494829086.php,02/26/2010 08:50:49
http,AAF0535,PC-2408,http://wikipedia.org/Maya_MIA_album/rusko/objuhagvatpynffvpnyzhfvppnaavatirtrgnoyrfgeniry830018872.jsp,02/26/2010 08:51:35
http,AAF0535,PC-2408,http://wikipedia.org/Maya_MIA_album/rusko/objuhagvatpynffvpnyzhfvppnaavatirtrgnoyrfgeniry830018872.jsp,02/26/2010 08:52:50
http,AAF0535,PC-2408,http://wikipedia.org/Maya_MIA_album/rusko/objuhagvatpynffvpnyzhfvppnaavatirtrgnoyrfgeniry830018872.jsp,02/26/2010 09:11:17
http,AAF0535,PC-2408,http://domaintools.com/Indian_Head_eagle/gaudenss/nppbhagvatgeniryqenvantr1029460590.htm,02/26/2010 09:17:01
http,AAF0535,PC-2408,http://domaintools.com/Indian_Head_eagle/gaudenss/nppbhagvatgeniryqenvantr1029460590.htm,02/26/2010 09:17:26
http,AAF0535,PC-2408,http://domaintools.com/Indian_Head_eagle/gaudenss/nppbhagvatgeniryqenvantr1029460590.htm,02/26/2010 09:42:48
http,AAF0535,PC-2408,http://telegraph.co.uk/Wally_Hammond/hammond/xvarzngvpffyrrcvatontgeniryureotneqravat252788851.aspx,02/26/2010 10:49:06
http,AAF0535,PC-2408,http://wikipedia.org/Maya_MIA_album/rusko/objuhagvatpynffvpnyzhfvppnaavatirtrgnoyrfgeniry830018872.jsp,02/26/2010 10:49:22
http,AAF0535,PC-2408,http://pcworld.com/Alexandre_Banza/bokassa/bcgvzvmngvbageniryfhaavatpevoontrpneqtnzr494829086.php,02/26/2010 10:49:42
http,AAF0535,PC-2408,http://wikipedia.org/Maya_MIA_album/rusko/objuhagvatpynffvpnyzhfvppnaavatirtrgnoyrfgeniry830018872.jsp,02/26/2010 10:50:48
http,AAF0535,PC-2408,http://domaintools.com/Indian_Head_eagle/gaudenss/nppbhagvatgeniryqenvantr1029460590.htm,02/26/2010 11:40:38
http,AAF0535,PC-2408,http://wikipedia.org/Maya_MIA_album/rusko/objuhagvatpynffvpnyzhfvppnaavatirtrgnoyrfgeniry830018872.jsp,02/26/2010 11:43:55
http,AAF0535,PC-2408,http://wikipedia.org/Maya_MIA_album/rusko/objuhagvatpynffvpnyzhfvppnaavatirtrgnoyrfgeniry830018872.jsp,02/26/2010 11:49:43
http,AAF0535,PC-2408,http://wikipedia.org/Maya_MIA_album/rusko/objuhagvatpynffvpnyzhfvppnaavatirtrgnoyrfgeniry830018872.jsp,02/26/2010 13:29:11
http,AAF0535,PC-2408,http://wikipedia.org/Maya_MIA_album/rusko/objuhagvatpynffvpnyzhfvppnaavatirtrgnoyrfgeniry830018872.jsp,02/26/2010 13:30:19
http,AAF0535,PC-2408,http://pcworld.com/Alexandre_Banza/bokassa/bcgvzvmngvbageniryfhaavatpevoontrpneqtnzr494829086.php,02/26/2010 13:31:48
http,AAF0535,PC-2408,http://ign.com/Eardwulf_of_Northumbria/eanbald/geniryonpxhc1459845751.htm,02/26/2010 13:41:34
http,AAF0535,PC-2408,http://files.wordpress.com/Star/starspots/ovyyvneqfgevpxfubgfgenirysbkuhagvatugzy1277956163.aspx,02/26/2010 13:46:23
http,AAF0535,PC-2408,http://pcworld.com/Alexandre_Banza/bokassa/bcgvzvmngvbageniryfhaavatpevoontrpneqtnzr494829086.php,02/26/2010 13:46:26
http,AAF0535,PC-2408,http://telegraph.co.uk/Wally_Hammond/hammond/xvarzngvpffyrrcvatontgeniryureotneqravat252788851.aspx,02/26/2010 13:48:23
http,AAF0535,PC-2408,http://wikipedia.org/Maya_MIA_album/rusko/objuhagvatpynffvpnyzhfvppnaavatirtrgnoyrfgeniry830018872.jsp,02/26/2010 13:53:29
http,AAF0535,PC-2408,http://pcworld.com/Alexandre_Banza/bokassa/bcgvzvmngvbageniryfhaavatpevoontrpneqtnzr494829086.php,02/26/2010 14:49:03
http,AAF0535,PC-2408,http://pcworld.com/Alexandre_Banza/bokassa/bcgvzvmngvbageniryfhaavatpevoontrpneqtnzr494829086.php,02/26/2010 14:57:28
http,AAF0535,PC-2408,http://pcworld.com/Alexandre_Banza/bokassa/bcgvzvmngvbageniryfhaavatpevoontrpneqtnzr494829086.php,02/26/2010 16:44:05
http,AAF0535,PC-2408,http://pcworld.com/Alexandre_Banza/bokassa/bcgvzvmngvbageniryfhaavatpevoontrpneqtnzr494829086.php,02/26/2010 16:46:32
http,AAF0535,PC-2408,http://wikipedia.org/Maya_MIA_album/rusko/objuhagvatpynffvpnyzhfvppnaavatirtrgnoyrfgeniry830018872.jsp,02/26/2010 16:47:46
http,AAF0535,PC-2408,http://wikipedia.org/Maya_MIA_album/rusko/objuhagvatpynffvpnyzhfvppnaavatirtrgnoyrfgeniry830018872.jsp,02/26/2010 16:49:30
email,AAF0535,PC-2408,Athena.Amelia.Foreman@dtaa.com,Christine-Clay@hp.com,11779,0,02/26/2010 11:54:11
email,AAF0535,PC-2408,Athena.Amelia.Foreman@dtaa.com,Jane.Maite.Dotson@dtaa.com,20511,0,02/26/2010 12:31:30
device,AAF0535,PC-2408,Connect,02/26/2010 13:22:40
device,AAF0535,PC-2408,Disconnect,02/26/2010 13:23:25
device,AAF0535,PC-2408,Connect,02/26/2010 13:48:56
device,AAF0535,PC-2408,Disconnect,02/26/2010 14:14:31
device,AAF0535,PC-2408,Connect,02/26/2010 14:50:24
device,AAF0535,PC-2408,Disconnect,02/26/2010 14:50:51
