logon,JRG0207,PC-8908,Logon,12/29/2010 07:45:00
logon,JRG0207,PC-8908,Logoff,12/29/2010 15:44:00
http,JRG0207,PC-8908,http://rivals.com/SS_Washingtonian/spreckels/cngebycrgarhgrevat1240936484.php,12/29/2010 07:46:18
http,JRG0207,PC-8908,http://myspace.com/Princess_Charlotte_of_Wales/oatlands/fxvyvsgbayvaryrneavatcngeby1270598313.aspx,12/29/2010 07:46:27
http,JRG0207,PC-8908,http://myspace.com/Princess_Charlotte_of_Wales/oatlands/fxvyvsgbayvaryrneavatcngeby1270598313.aspx,12/29/2010 07:46:44
http,JRG0207,PC-8908,http://blackboard.com/McDonnell_Douglas_F4_Phantom_II/4bs/ercbegsnfvba1491993060.asp,12/29/2010 07:52:24
http,JRG0207,PC-8908,http://adobe.com/Ficus_aurea/standl/ovyyvneqfonyyfqbtcngeby170697444.jsp,12/29/2010 07:52:48
http,JRG0207,PC-8908,http://dailymail.co.uk/Dick_Turpin/rivernall/pynevargercbeglnxcbybpnyvfguravpf680746362.htm,12/29/2010 07:54:40
http,JRG0207,PC-8908,http://rr.com/Europa_moon/cryobot/ercbegnpprffybt1609706782.jsp,12/29/2010 07:55:17
http,JRG0207,PC-8908,http://superpages.com/Albatross/diomedea/uverfgeratgugenvavatzhfxrgurycqrfx1880918412.asp,12/29/2010 07:58:15
http,JRG0207,PC-8908,http://rr.com/Control_Janet_Jackson_album/awhile/uvernhgbercnvegbbyfsrnfvovyvgl2104291348.htm,12/29/2010 08:01:15
http,JRG0207,PC-8908,http://rr.com/Control_Janet_Jackson_album/awhile/uvernhgbercnvegbbyfsrnfvovyvgl2104291348.htm,12/29/2010 08:06:46
http,JRG0207,PC-8908,http://livejournal.com/Red_River_Trails/kittson/snzvylfvkfvtznjrofvgrqrirybczragonfxrgonyyunyybssnzr626890445.htm,12/29/2010 08:07:31
http,JRG0207,PC-8908,http://dailymail.co.uk/Dick_Turpin/rivernall/pynevargercbeglnxcbybpnyvfguravpf680746362.htm,12/29/2010 08:08:40
http,JRG0207,PC-8908,http://about.com/Norman_Birkett_1st_Baron_Birkett/dennistoun/ercbeg751860747.aspx,12/29/2010 08:14:29
http,JRG0207,PC-8908,http://nfl.com/Greece_runestones/dybeck/snzvyltvaehzzlpneqtnzrarjffbsgonyy1814779370.jsp,12/29/2010 08:34:27
http,JRG0207,PC-8908,http://nfl.com/Greece_runestones/dybeck/snzvyltvaehzzlpneqtnzrarjffbsgonyy1814779370.jsp,12/29/2010 08:38:21
http,JRG0207,PC-8908,http://rr.com/Europa_moon/cryobot/ercbegnpprffybt1609706782.jsp,12/29/2010 08:41:30
http,JRG0207,PC-8908,http://ehow.com/SMS_Goeben/midilli/ercbegwnmmcnexpnegbba305873495.html,12/29/2010 08:43:59
http,JRG0207,PC-8908,http://msn.com/The_Human_Centipede_First_Sequence/katsuro/arjf309875127.htm,12/29/2010 08:47:14
http,JRG0207,PC-8908,http://ancestry.com/AngloZanzibar_War/hamad/pbzchgrenvqrqznahsnpghevatjbeyqfrevrf653760367.htm,12/29/2010 08:53:45
http,JRG0207,PC-8908,http://dailymail.co.uk/Dick_Turpin/rivernall/pynevargercbeglnxcbybpnyvfguravpf680746362.htm,12/29/2010 08:57:10
http,JRG0207,PC-8908,http://ancestry.com/AngloZanzibar_War/hamad/pbzchgrenvqrqznahsnpghevatjbeyqfrevrf653760367.htm,12/29/2010 08:57:25
http,JRG0207,PC-8908,http://ancestry.com/AngloZanzibar_War/hamad/pbzchgrenvqrqznahsnpghevatjbeyqfrevrf653760367.htm,12/29/2010 09:07:03
http,JRG0207,PC-8908,http://slideshare.net/Buffalo_nickel/repunched/jbeyqfrevrfgifrevrfzhfvptraer640513410.jsp,12/29/2010 09:10:11
http,JRG0207,PC-8908,http://rr.com/Europa_moon/cryobot/ercbegnpprffybt1609706782.jsp,12/29/2010 09:11:18
http,JRG0207,PC-8908,http://zendesk.com/December_1964_South_Vietnamese_coup/khanh/obngybpxfgbpxjbeyqfrevrferpehvgvat1343994808.html,12/29/2010 09:14:38
http,JRG0207,PC-8908,http://rr.com/Europa_moon/cryobot/ercbegnpprffybt1609706782.jsp,12/29/2010 09:17:27
http,JRG0207,PC-8908,http://dailymail.co.uk/Dick_Turpin/rivernall/pynevargercbeglnxcbybpnyvfguravpf680746362.htm,12/29/2010 09:17:48
http,JRG0207,PC-8908,http://rr.com/Europa_moon/cryobot/ercbegnpprffybt1609706782.jsp,12/29/2010 09:18:06
http,JRG0207,PC-8908,http://dailymail.co.uk/Dick_Turpin/rivernall/pynevargercbeglnxcbybpnyvfguravpf680746362.htm,12/29/2010 09:18:41
http,JRG0207,PC-8908,http://rr.com/Europa_moon/cryobot/ercbegnpprffybt1609706782.jsp,12/29/2010 09:18:46
http,JRG0207,PC-8908,http://ehow.com/SMS_Goeben/midilli/ercbegwnmmcnexpnegbba305873495.html,12/29/2010 09:19:58
http,JRG0207,PC-8908,http://dailymail.co.uk/Dick_Turpin/rivernall/pynevargercbeglnxcbybpnyvfguravpf680746362.htm,12/29/2010 09:21:14
http,JRG0207,PC-8908,http://myspace.com/Princess_Charlotte_of_Wales/oatlands/fxvyvsgbayvaryrneavatcngeby1270598313.aspx,12/29/2010 09:22:19
http,JRG0207,PC-8908,http://adobe.com/Ficus_aurea/standl/ovyyvneqfonyyfqbtcngeby170697444.jsp,12/29/2010 09:22:47
http,JRG0207,PC-8908,http://bluehost.com/Iridium/osmium/fuvccvatcngeby645997409.asp,12/29/2010 09:23:25
http,JRG0207,PC-8908,http://adobe.com/Ficus_aurea/standl/ovyyvneqfonyyfqbtcngeby170697444.jsp,12/29/2010 09:25:06
http,JRG0207,PC-8908,http://dailymail.co.uk/Dick_Turpin/rivernall/pynevargercbeglnxcbybpnyvfguravpf680746362.htm,12/29/2010 09:25:14
http,JRG0207,PC-8908,http://vistaprint.com/Theoren_Fleury/piestany/puhepushaqenvfrerznvyfhccbeguverpnzcpbbxvat1912115484.html,12/29/2010 09:27:07
http,JRG0207,PC-8908,http://rr.com/Control_Janet_Jackson_album/awhile/uvernhgbercnvegbbyfsrnfvovyvgl2104291348.htm,12/29/2010 09:28:50
http,JRG0207,PC-8908,http://vistaprint.com/Theoren_Fleury/piestany/puhepushaqenvfrerznvyfhccbeguverpnzcpbbxvat1912115484.html,12/29/2010 09:29:06
http,JRG0207,PC-8908,http://vistaprint.com/Theoren_Fleury/piestany/puhepushaqenvfrerznvyfhccbeguverpnzcpbbxvat1912115484.html,12/29/2010 09:29:06
http,JRG0207,PC-8908,http://superpages.com/Albatross/diomedea/uverfgeratgugenvavatzhfxrgurycqrfx1880918412.asp,12/29/2010 09:30:10
http,JRG0207,PC-8908,http://vistaprint.com/Theoren_Fleury/piestany/puhepushaqenvfrerznvyfhccbeguverpnzcpbbxvat1912115484.html,12/29/2010 09:32:47
http,JRG0207,PC-8908,http://rr.com/Control_Janet_Jackson_album/awhile/uvernhgbercnvegbbyfsrnfvovyvgl2104291348.htm,12/29/2010 09:35:14
http,JRG0207,PC-8908,http://nfl.com/Greece_runestones/dybeck/snzvyltvaehzzlpneqtnzrarjffbsgonyy1814779370.jsp,12/29/2010 09:43:58
http,JRG0207,PC-8908,http://dailymail.co.uk/Dick_Turpin/rivernall/pynevargercbeglnxcbybpnyvfguravpf680746362.htm,12/29/2010 09:45:30
http,JRG0207,PC-8908,http://jcpenney.com/Agrippina_opera/agrippina/pnzcvatjrngureonfvpfercbeg830431084.php,12/29/2010 09:48:56
http,JRG0207,PC-8908,http://rr.com/Europa_moon/cryobot/ercbegnpprffybt1609706782.jsp,12/29/2010 09:50:32
http,JRG0207,PC-8908,http://rr.com/Europa_moon/cryobot/ercbegnpprffybt1609706782.jsp,12/29/2010 09:50:56
http,JRG0207,PC-8908,http://rr.com/Europa_moon/cryobot/ercbegnpprffybt1609706782.jsp,12/29/2010 09:51:29
http,JRG0207,PC-8908,http://rr.com/Europa_moon/cryobot/ercbegnpprffybt1609706782.jsp,12/29/2010 09:51:52
http,JRG0207,PC-8908,http://myspace.com/Princess_Charlotte_of_Wales/oatlands/fxvyvsgbayvaryrneavatcngeby1270598313.aspx,12/29/2010 09:51:54
http,JRG0207,PC-8908,http://myspace.com/Princess_Charlotte_of_Wales/oatlands/fxvyvsgbayvaryrneavatcngeby1270598313.aspx,12/29/2010 09:52:19
http,JRG0207,PC-8908,http://adobe.com/Ficus_aurea/standl/ovyyvneqfonyyfqbtcngeby170697444.jsp,12/29/2010 09:53:10
http,JRG0207,PC-8908,http://blackboard.com/McDonnell_Douglas_F4_Phantom_II/4bs/ercbegsnfvba1491993060.asp,12/29/2010 09:53:36
http,JRG0207,PC-8908,http://blackboard.com/McDonnell_Douglas_F4_Phantom_II/4bs/ercbegsnfvba1491993060.asp,12/29/2010 09:54:47
http,JRG0207,PC-8908,http://blackboard.com/McDonnell_Douglas_F4_Phantom_II/4bs/ercbegsnfvba1491993060.asp,12/29/2010 09:54:49
http,JRG0207,PC-8908,http://dailymail.co.uk/Dick_Turpin/rivernall/pynevargercbeglnxcbybpnyvfguravpf680746362.htm,12/29/2010 09:57:32
http,JRG0207,PC-8908,http://adobe.com/Ficus_aurea/standl/ovyyvneqfonyyfqbtcngeby170697444.jsp,12/29/2010 10:00:28
http,JRG0207,PC-8908,http://myspace.com/Princess_Charlotte_of_Wales/oatlands/fxvyvsgbayvaryrneavatcngeby1270598313.aspx,12/29/2010 10:12:25
http,JRG0207,PC-8908,http://dailymail.co.uk/Dick_Turpin/rivernall/pynevargercbeglnxcbybpnyvfguravpf680746362.htm,12/29/2010 10:17:00
http,JRG0207,PC-8908,http://myspace.com/Princess_Charlotte_of_Wales/oatlands/fxvyvsgbayvaryrneavatcngeby1270598313.aspx,12/29/2010 10:18:08
http,JRG0207,PC-8908,http://rr.com/Europa_moon/cryobot/ercbegnpprffybt1609706782.jsp,12/29/2010 10:19:32
http,JRG0207,PC-8908,http://youtube.com/Science_and_technology_of_the_Song_Dynasty/batutta/ercbegfbpprezbivrf983051124.php,12/29/2010 10:20:19
http,JRG0207,PC-8908,http://nfl.com/Greece_runestones/dybeck/snzvyltvaehzzlpneqtnzrarjffbsgonyy1814779370.jsp,12/29/2010 10:25:11
http,JRG0207,PC-8908,http://vistaprint.com/Theoren_Fleury/piestany/puhepushaqenvfrerznvyfhccbeguverpnzcpbbxvat1912115484.html,12/29/2010 10:33:50
http,JRG0207,PC-8908,http://zendesk.com/December_1964_South_Vietnamese_coup/khanh/obngybpxfgbpxjbeyqfrevrferpehvgvat1343994808.html,12/29/2010 10:36:59
http,JRG0207,PC-8908,http://ehow.com/SMS_Goeben/midilli/ercbegwnmmcnexpnegbba305873495.html,12/29/2010 10:37:43
http,JRG0207,PC-8908,http://vistaprint.com/Theoren_Fleury/piestany/puhepushaqenvfrerznvyfhccbeguverpnzcpbbxvat1912115484.html,12/29/2010 10:39:57
http,JRG0207,PC-8908,http://dailymail.co.uk/Dick_Turpin/rivernall/pynevargercbeglnxcbybpnyvfguravpf680746362.htm,12/29/2010 10:41:19
http,JRG0207,PC-8908,http://dailymail.co.uk/Dick_Turpin/rivernall/pynevargercbeglnxcbybpnyvfguravpf680746362.htm,12/29/2010 10:42:26
http,JRG0207,PC-8908,http://rr.com/Europa_moon/cryobot/ercbegnpprffybt1609706782.jsp,12/29/2010 10:43:15
http,JRG0207,PC-8908,http://blackboard.com/McDonnell_Douglas_F4_Phantom_II/4bs/ercbegsnfvba1491993060.asp,12/29/2010 10:44:23
http,JRG0207,PC-8908,http://superpages.com/Albatross/diomedea/uverfgeratgugenvavatzhfxrgurycqrfx1880918412.asp,12/29/2010 10:44:48
http,JRG0207,PC-8908,http://googleusercontent.com/New_Carissa/karlissa/pebffpbhagelfxvvatubjgbgijbeyqfrevrfgraavfuvfgbel9725760.html,12/29/2010 10:55:14
http,JRG0207,PC-8908,http://adobe.com/Ficus_aurea/standl/ovyyvneqfonyyfqbtcngeby170697444.jsp,12/29/2010 11:07:07
http,JRG0207,PC-8908,http://yfrog.com/Saffron/saffron/fhccbegfhcreobjy789727225.aspx,12/29/2010 11:09:17
http,JRG0207,PC-8908,http://dailymail.co.uk/Dick_Turpin/rivernall/pynevargercbeglnxcbybpnyvfguravpf680746362.htm,12/29/2010 11:14:18
http,JRG0207,PC-8908,http://nfl.com/Greece_runestones/dybeck/snzvyltvaehzzlpneqtnzrarjffbsgonyy1814779370.jsp,12/29/2010 11:17:43
http,JRG0207,PC-8908,http://blackboard.com/McDonnell_Douglas_F4_Phantom_II/4bs/ercbegsnfvba1491993060.asp,12/29/2010 11:26:13
http,JRG0207,PC-8908,http://dailymail.co.uk/Dick_Turpin/rivernall/pynevargercbeglnxcbybpnyvfguravpf680746362.htm,12/29/2010 11:28:57
http,JRG0207,PC-8908,http://msn.com/The_Human_Centipede_First_Sequence/katsuro/arjf309875127.htm,12/29/2010 11:33:58
http,JRG0207,PC-8908,http://rr.com/Europa_moon/cryobot/ercbegnpprffybt1609706782.jsp,12/29/2010 11:53:31
http,JRG0207,PC-8908,http://kbb.com/Catholic_doctrine_regarding_the_Ten_Commandments/catechism/ovyyvneqfunyybssnzruvertneqravafrpgfzngrevnyf1488615525.aspx,12/29/2010 12:06:47
http,JRG0207,PC-8908,http://vistaprint.com/Theoren_Fleury/piestany/puhepushaqenvfrerznvyfhccbeguverpnzcpbbxvat1912115484.html,12/29/2010 12:08:39
http,JRG0207,PC-8908,http://blackboard.com/McDonnell_Douglas_F4_Phantom_II/4bs/ercbegsnfvba1491993060.asp,12/29/2010 12:11:21
http,JRG0207,PC-8908,http://adobe.com/Ficus_aurea/standl/ovyyvneqfonyyfqbtcngeby170697444.jsp,12/29/2010 12:13:18
http,JRG0207,PC-8908,http://adobe.com/Ficus_aurea/standl/ovyyvneqfonyyfqbtcngeby170697444.jsp,12/29/2010 12:14:04
http,JRG0207,PC-8908,http://myspace.com/Princess_Charlotte_of_Wales/oatlands/fxvyvsgbayvaryrneavatcngeby1270598313.aspx,12/29/2010 12:16:26
http,JRG0207,PC-8908,http://rr.com/Control_Janet_Jackson_album/awhile/uvernhgbercnvegbbyfsrnfvovyvgl2104291348.htm,12/29/2010 12:16:28
http,JRG0207,PC-8908,http://kbb.com/Catholic_doctrine_regarding_the_Ten_Commandments/catechism/ovyyvneqfunyybssnzruvertneqravafrpgfzngrevnyf1488615525.aspx,12/29/2010 12:18:33
http,JRG0207,PC-8908,http://vistaprint.com/Theoren_Fleury/piestany/puhepushaqenvfrerznvyfhccbeguverpnzcpbbxvat1912115484.html,12/29/2010 12:19:55
http,JRG0207,PC-8908,http://superpages.com/Albatross/diomedea/uverfgeratgugenvavatzhfxrgurycqrfx1880918412.asp,12/29/2010 12:20:24
http,JRG0207,PC-8908,http://kbb.com/Catholic_doctrine_regarding_the_Ten_Commandments/catechism/ovyyvneqfunyybssnzruvertneqravafrpgfzngrevnyf1488615525.aspx,12/29/2010 12:22:11
http,JRG0207,PC-8908,http://optmd.com/Mom_and_Dad/liphams/ernyvglgiuvercrgurnyguonfronyy1269003593.aspx,12/29/2010 12:22:18
http,JRG0207,PC-8908,http://superpages.com/Albatross/diomedea/uverfgeratgugenvavatzhfxrgurycqrfx1880918412.asp,12/29/2010 12:23:00
http,JRG0207,PC-8908,http://nfl.com/Greece_runestones/dybeck/snzvyltvaehzzlpneqtnzrarjffbsgonyy1814779370.jsp,12/29/2010 12:34:01
http,JRG0207,PC-8908,http://optmd.com/Mom_and_Dad/liphams/ernyvglgiuvercrgurnyguonfronyy1269003593.aspx,12/29/2010 12:39:04
http,JRG0207,PC-8908,http://myspace.com/Princess_Charlotte_of_Wales/oatlands/fxvyvsgbayvaryrneavatcngeby1270598313.aspx,12/29/2010 12:41:04
http,JRG0207,PC-8908,http://facebook.com/W_B_Yeats/yeats/yhttntrcngebyivfvgfuhg-vafpebffpbhagelfxvvat1456438689.php,12/29/2010 12:43:51
http,JRG0207,PC-8908,http://dailymail.co.uk/Dick_Turpin/rivernall/pynevargercbeglnxcbybpnyvfguravpf680746362.htm,12/29/2010 12:50:28
http,JRG0207,PC-8908,http://dailymail.co.uk/Dick_Turpin/rivernall/pynevargercbeglnxcbybpnyvfguravpf680746362.htm,12/29/2010 12:58:58
http,JRG0207,PC-8908,http://superpages.com/Albatross/diomedea/uverfgeratgugenvavatzhfxrgurycqrfx1880918412.asp,12/29/2010 13:26:22
http,JRG0207,PC-8908,http://dailymail.co.uk/Dick_Turpin/rivernall/pynevargercbeglnxcbybpnyvfguravpf680746362.htm,12/29/2010 13:35:26
http,JRG0207,PC-8908,http://fatwallet.com/Grand_Duchess_Olga_Nikolaevna_of_Russia/olga/snzvylculfvpf76474686.asp,12/29/2010 13:39:22
http,JRG0207,PC-8908,http://nfl.com/Greece_runestones/dybeck/snzvyltvaehzzlpneqtnzrarjffbsgonyy1814779370.jsp,12/29/2010 13:49:06
http,JRG0207,PC-8908,http://adobe.com/Ficus_aurea/standl/ovyyvneqfonyyfqbtcngeby170697444.jsp,12/29/2010 13:51:35
http,JRG0207,PC-8908,http://rr.com/Europa_moon/cryobot/ercbegnpprffybt1609706782.jsp,12/29/2010 13:58:44
http,JRG0207,PC-8908,http://rivals.com/SS_Washingtonian/spreckels/cngebycrgarhgrevat1240936484.php,12/29/2010 14:07:07
http,JRG0207,PC-8908,http://superpages.com/Albatross/diomedea/uverfgeratgugenvavatzhfxrgurycqrfx1880918412.asp,12/29/2010 14:11:06
http,JRG0207,PC-8908,http://nfl.com/Greece_runestones/dybeck/snzvyltvaehzzlpneqtnzrarjffbsgonyy1814779370.jsp,12/29/2010 14:12:37
http,JRG0207,PC-8908,http://adobe.com/Ficus_aurea/standl/ovyyvneqfonyyfqbtcngeby170697444.jsp,12/29/2010 14:18:25
http,JRG0207,PC-8908,http://merchantcircle.com/History_of_Burnside/tusmore/cynlfbyvgnvertbysehyrfthvqryvarfuver654445908.jsp,12/29/2010 14:22:32
http,JRG0207,PC-8908,http://nfl.com/Greece_runestones/dybeck/snzvyltvaehzzlpneqtnzrarjffbsgonyy1814779370.jsp,12/29/2010 14:27:16
http,JRG0207,PC-8908,http://vistaprint.com/Theoren_Fleury/piestany/puhepushaqenvfrerznvyfhccbeguverpnzcpbbxvat1912115484.html,12/29/2010 14:35:02
http,JRG0207,PC-8908,http://blackboard.com/McDonnell_Douglas_F4_Phantom_II/4bs/ercbegsnfvba1491993060.asp,12/29/2010 14:41:11
http,JRG0207,PC-8908,http://dailymail.co.uk/Dick_Turpin/rivernall/pynevargercbeglnxcbybpnyvfguravpf680746362.htm,12/29/2010 14:43:10
http,JRG0207,PC-8908,http://forbes.com/Effects_of_Hurricane_Isabel_in_North_Carolina/32560/arjf320222168.jsp,12/29/2010 14:55:11
http,JRG0207,PC-8908,http://about.com/Tang_Dynasty/jiedushi/uhagvatyvprafrculfvpfobngsraqrecngeby1153144475.asp,12/29/2010 14:56:12
http,JRG0207,PC-8908,http://zendesk.com/December_1964_South_Vietnamese_coup/khanh/obngybpxfgbpxjbeyqfrevrferpehvgvat1343994808.html,12/29/2010 15:04:24
http,JRG0207,PC-8908,http://sidereel.com/Miniopterus_griveaudi/griveaudi/ivfnovplpyrpebffpbhageljbeyqfrevrf1447879033.htm,12/29/2010 15:05:23
http,JRG0207,PC-8908,http://hulu.com/Gray_mouse_lemur/lemur/qvfpbhaginpngvba865185298.aspx,12/29/2010 15:06:01
http,JRG0207,PC-8908,http://ancestry.com/AngloZanzibar_War/hamad/pbzchgrenvqrqznahsnpghevatjbeyqfrevrf653760367.htm,12/29/2010 15:06:55
http,JRG0207,PC-8908,http://sidereel.com/Miniopterus_griveaudi/griveaudi/ivfnovplpyrpebffpbhageljbeyqfrevrf1447879033.htm,12/29/2010 15:07:12
http,JRG0207,PC-8908,http://zendesk.com/December_1964_South_Vietnamese_coup/khanh/obngybpxfgbpxjbeyqfrevrferpehvgvat1343994808.html,12/29/2010 15:07:23
http,JRG0207,PC-8908,http://zendesk.com/December_1964_South_Vietnamese_coup/khanh/obngybpxfgbpxjbeyqfrevrferpehvgvat1343994808.html,12/29/2010 15:07:46
http,JRG0207,PC-8908,http://superpages.com/Albatross/diomedea/uverfgeratgugenvavatzhfxrgurycqrfx1880918412.asp,12/29/2010 15:09:22
http,JRG0207,PC-8908,http://zendesk.com/December_1964_South_Vietnamese_coup/khanh/obngybpxfgbpxjbeyqfrevrferpehvgvat1343994808.html,12/29/2010 15:11:01
http,JRG0207,PC-8908,http://vistaprint.com/Theoren_Fleury/piestany/puhepushaqenvfrerznvyfhccbeguverpnzcpbbxvat1912115484.html,12/29/2010 15:18:00
http,JRG0207,PC-8908,http://kbb.com/Catholic_doctrine_regarding_the_Ten_Commandments/catechism/ovyyvneqfunyybssnzruvertneqravafrpgfzngrevnyf1488615525.aspx,12/29/2010 15:22:20
http,JRG0207,PC-8908,http://hulu.com/Gray_mouse_lemur/lemur/qvfpbhaginpngvba865185298.aspx,12/29/2010 15:23:32
http,JRG0207,PC-8908,http://zendesk.com/December_1964_South_Vietnamese_coup/khanh/obngybpxfgbpxjbeyqfrevrferpehvgvat1343994808.html,12/29/2010 15:24:54
http,JRG0207,PC-8908,http://msn.com/The_Human_Centipede_First_Sequence/katsuro/arjf309875127.htm,12/29/2010 15:27:28
http,JRG0207,PC-8908,http://myspace.com/Princess_Charlotte_of_Wales/oatlands/fxvyvsgbayvaryrneavatcngeby1270598313.aspx,12/29/2010 15:30:33
http,JRG0207,PC-8908,http://zendesk.com/December_1964_South_Vietnamese_coup/khanh/obngybpxfgbpxjbeyqfrevrferpehvgvat1343994808.html,12/29/2010 15:33:19
http,JRG0207,PC-8908,http://zendesk.com/December_1964_South_Vietnamese_coup/khanh/obngybpxfgbpxjbeyqfrevrferpehvgvat1343994808.html,12/29/2010 15:34:28
http,JRG0207,PC-8908,http://zendesk.com/December_1964_South_Vietnamese_coup/khanh/obngybpxfgbpxjbeyqfrevrferpehvgvat1343994808.html,12/29/2010 15:35:13
http,JRG0207,PC-8908,http://myspace.com/Princess_Charlotte_of_Wales/oatlands/fxvyvsgbayvaryrneavatcngeby1270598313.aspx,12/29/2010 15:35:41
http,JRG0207,PC-8908,http://sidereel.com/Miniopterus_griveaudi/griveaudi/ivfnovplpyrpebffpbhageljbeyqfrevrf1447879033.htm,12/29/2010 15:36:26
http,JRG0207,PC-8908,http://rr.com/Europa_moon/cryobot/ercbegnpprffybt1609706782.jsp,12/29/2010 15:41:55
http,JRG0207,PC-8908,http://myspace.com/Princess_Charlotte_of_Wales/oatlands/fxvyvsgbayvaryrneavatcngeby1270598313.aspx,12/29/2010 15:41:56
http,JRG0207,PC-8908,http://ehow.com/SMS_Goeben/midilli/ercbegwnmmcnexpnegbba305873495.html,12/29/2010 15:42:54
http,JRG0207,PC-8908,http://dailymail.co.uk/Dick_Turpin/rivernall/pynevargercbeglnxcbybpnyvfguravpf680746362.htm,12/29/2010 15:42:56
email,JRG0207,PC-8908,Joseph.Raja.Gaines@dtaa.com,Mallory.Carol.Spence@dtaa.com,26004,0,12/29/2010 12:54:38
email,JRG0207,PC-8908,Joseph.Raja.Gaines@dtaa.com,Aquila.Mark.Vega@dtaa.com,41537,0,12/29/2010 14:45:41
email,JRG0207,PC-8908,Joseph.Raja.Gaines@dtaa.com,Noelani.Wynter.Kennedy@dtaa.com;Ulric.Ferdinand.Knapp@dtaa.com,23064,0,12/29/2010 14:46:24
email,JRG0207,PC-8908,Joseph.Raja.Gaines@dtaa.com,Aquila.Mark.Vega@dtaa.com;Ulric.Ferdinand.Knapp@dtaa.com;Colin.Evan.Brown@dtaa.com;Blythe_Malone@raytheon.com,22068,0,12/29/2010 14:46:30
email,JRG0207,PC-8908,Joseph.Raja.Gaines@dtaa.com,August.Ronan.Lucas@dtaa.com;Hollee.Vanna.Becker@dtaa.com;Mallory.Carol.Spence@dtaa.com;Colin.Evan.Brown@dtaa.com,38937,0,12/29/2010 14:48:40
email,JRG0207,PC-8908,Joseph.Raja.Gaines@dtaa.com,Tasha.Quail.Sanchez@dtaa.com;Ulric.Ferdinand.Knapp@dtaa.com;Daryl.Ocean.Patel@dtaa.com,22279,0,12/29/2010 14:51:57
email,JRG0207,PC-8908,Joseph.Raja.Gaines@dtaa.com,Roary.Ursa.Massey@dtaa.com;Tasha.Quail.Sanchez@dtaa.com,30164,1,12/29/2010 14:52:10
email,JRG0207,PC-8908,Gaines-Joseph@msn.com,VQG58@comcast.net;AAC4@netzero.com,16747,0,12/29/2010 14:53:37
email,JRG0207,PC-8908,Joseph.Raja.Gaines@dtaa.com,Samson.Jeremy.Ortega@dtaa.com,13336,0,12/29/2010 14:58:46
email,JRG0207,PC-8908,Joseph.Raja.Gaines@dtaa.com,Aquila.Mark.Vega@dtaa.com,39710,0,12/29/2010 15:00:44
email,JRG0207,PC-8908,Joseph.Raja.Gaines@dtaa.com,Leslie.Briar.Fields@dtaa.com;Ulric.Ferdinand.Knapp@dtaa.com,18258,0,12/29/2010 15:01:01
email,JRG0207,PC-8908,Joseph.Raja.Gaines@dtaa.com,Hedwig.Dai.Duffy@dtaa.com,15146,0,12/29/2010 15:02:05
email,JRG0207,PC-8908,Gaines-Joseph@msn.com,Colin.E.Brown@bellsouth.net,45825,0,12/29/2010 15:06:44
email,JRG0207,PC-8908,Joseph.Raja.Gaines@dtaa.com,Samson.Jeremy.Ortega@dtaa.com;Nicolas.Alvin.Fitzpatrick@dtaa.com;HJB33@hp.com,38060,0,12/29/2010 15:10:52
