logon,IKR0401,PC-6741,Logon,02/11/2011 08:03:00
logon,IKR0401,PC-6741,Logoff,02/11/2011 18:57:00
file,IKR0401,PC-6741,B9AKM5KG.pdf,02/11/2011 16:04:48
file,IKR0401,PC-6741,2M83DWWJ.doc,02/11/2011 16:09:06
http,IKR0401,PC-6741,http://gamespot.com/Ernest_Augustus_I_of_Hanover/selliss/p++erdhverzragfpuhepuergerng1347683026.jsp,02/11/2011 08:18:10
http,IKR0401,PC-6741,http://hilton.com/Peter_Heywood/heywoods/zlfgrelzragbetbyscranygvrf1891961520.php,02/11/2011 08:19:19
http,IKR0401,PC-6741,http://merchantcircle.com/Mount_Tambora/sumbawa/zhfpyrohvyqvatcebprffpbagebyzragbecenpgvprcynlvatzhfvp315509842.html,02/11/2011 08:26:20
http,IKR0401,PC-6741,http://scribd.com/Bramall_Hall/bramall/pnfusybjpregvsvpngvbaovyyvneqfrdhvczragrzoebvqrel345702831.htm,02/11/2011 08:35:24
http,IKR0401,PC-6741,http://wsj.com/Characters_of_Final_Fantasy_VIII/balamb/erdhverzragfqrpxbspneqfgvqrpbzcrafngvba1297632207.aspx,02/11/2011 08:45:23
http,IKR0401,PC-6741,http://digitalpoint.com/Hudson_Valley_Rail_Trail/costantino/frnzfgerffpbzzvffvbaylevpfinpngvba1988739345.htm,02/11/2011 08:48:33
http,IKR0401,PC-6741,http://gamespot.com/Ernest_Augustus_I_of_Hanover/selliss/p++erdhverzragfpuhepuergerng1347683026.jsp,02/11/2011 09:09:16
http,IKR0401,PC-6741,http://capitalone.com/Kid_A/blips/fhaonguvatzragbeornpugifubjf1777542274.html,02/11/2011 09:23:12
http,IKR0401,PC-6741,http://capitalone.com/Kid_A/blips/fhaonguvatzragbeornpugifubjf1777542274.html,02/11/2011 09:25:04
http,IKR0401,PC-6741,http://rr.com/Otto_Becher/quickmatch/ubefrfubjfpnyraqnepybhqp#383543950.asp,02/11/2011 09:46:30
http,IKR0401,PC-6741,http://ca.gov/Battle_of_the_Eastern_Solomons/jintsu/svezjneroneorphrubjgbgi752588304.htm,02/11/2011 09:46:36
http,IKR0401,PC-6741,http://gamespot.com/Ernest_Augustus_I_of_Hanover/selliss/p++erdhverzragfpuhepuergerng1347683026.jsp,02/11/2011 09:53:18
http,IKR0401,PC-6741,http://tigerdirect.com/European_Commission/barroso/gifrevrfzragbegernqzvyy220107153.html,02/11/2011 09:56:50
http,IKR0401,PC-6741,http://hilton.com/Peter_Heywood/heywoods/zlfgrelzragbetbyscranygvrf1891961520.php,02/11/2011 09:56:59
http,IKR0401,PC-6741,http://archive.org/2nd_Canadian_Infantry_Division/beveland/ubefrenpvatzragbepnzctebhaqfpnzctebhaqnzravgvrf2067571874.htm,02/11/2011 10:00:39
http,IKR0401,PC-6741,http://optmd.com/Francis_Petre/petres/znyyjnyxvatinpngvbagnyxvatbagurcubarsregvyvmre40698316.php,02/11/2011 10:01:36
http,IKR0401,PC-6741,http://slate.com/1933_Atlantic_hurricane_season/05z/jrngure696245205.jsp,02/11/2011 10:13:08
http,IKR0401,PC-6741,http://homedepot.com/AMX30/30ds/ernyvglgipnqqlobaqf790368276.aspx,02/11/2011 10:29:07
http,IKR0401,PC-6741,http://bankofamerica.com/New_South_Greenland/housley/ebpxnaqebyyunyybssnzrovplpyrnpebongvpfuvxvatfnsrglivfhnyfghqvb859533763.asp,02/11/2011 10:30:53
http,IKR0401,PC-6741,http://bankofamerica.com/New_South_Greenland/housley/ebpxnaqebyyunyybssnzrovplpyrnpebongvpfuvxvatfnsrglivfhnyfghqvb859533763.asp,02/11/2011 10:32:02
http,IKR0401,PC-6741,http://hulu.com/Gray_mouse_lemur/lemur/qvfpbhaginpngvba865185298.aspx,02/11/2011 10:59:48
http,IKR0401,PC-6741,http://hilton.com/Peter_Heywood/heywoods/zlfgrelzragbetbyscranygvrf1891961520.php,02/11/2011 11:04:11
http,IKR0401,PC-6741,http://gamespot.com/Ernest_Augustus_I_of_Hanover/selliss/p++erdhverzragfpuhepuergerng1347683026.jsp,02/11/2011 11:31:59
http,IKR0401,PC-6741,http://livejournal.com/Battle_of_The_Cedars/chnes/erpehvgvatcrggenvavatfcbegf1476591955.aspx,02/11/2011 11:43:13
http,IKR0401,PC-6741,http://hilton.com/Peter_Heywood/heywoods/zlfgrelzragbetbyscranygvrf1891961520.php,02/11/2011 11:49:39
http,IKR0401,PC-6741,http://hilton.com/Peter_Heywood/heywoods/zlfgrelzragbetbyscranygvrf1891961520.php,02/11/2011 11:49:42
http,IKR0401,PC-6741,http://linkedin.com/Harry_Chauvel/chetwode/cebwrpg757315014.jsp,02/11/2011 12:15:13
http,IKR0401,PC-6741,http://gamespot.com/Ernest_Augustus_I_of_Hanover/selliss/p++erdhverzragfpuhepuergerng1347683026.jsp,02/11/2011 12:15:38
http,IKR0401,PC-6741,http://newsmax.com/Battle_of_Grand_Port/magiciennes/p++ureotneqravatsvfuvatobngfpvffbef626487947.html,02/11/2011 12:26:49
http,IKR0401,PC-6741,http://gamespot.com/Ernest_Augustus_I_of_Hanover/selliss/p++erdhverzragfpuhepuergerng1347683026.jsp,02/11/2011 12:34:02
http,IKR0401,PC-6741,http://huffingtonpost.com/Harvey_Milk/aliotos/ratvarrevatrzcyblrreryngvbafuhagvattnzrpnyyfpybhq2095875138.aspx,02/11/2011 12:39:45
http,IKR0401,PC-6741,http://ca.gov/Battle_of_the_Eastern_Solomons/jintsu/svezjneroneorphrubjgbgi752588304.htm,02/11/2011 12:46:43
http,IKR0401,PC-6741,http://hilton.com/Peter_Heywood/heywoods/zlfgrelzragbetbyscranygvrf1891961520.php,02/11/2011 12:47:24
http,IKR0401,PC-6741,http://abcnews.go.com/Cyathus/peridioles/qrpxbspneqfzragbeernqvat983931320.aspx,02/11/2011 12:58:26
http,IKR0401,PC-6741,http://tigerdirect.com/European_Commission/barroso/gifrevrfzragbegernqzvyy220107153.html,02/11/2011 12:59:18
http,IKR0401,PC-6741,http://abcnews.go.com/Cyathus/peridioles/qrpxbspneqfzragbeernqvat983931320.aspx,02/11/2011 13:05:18
http,IKR0401,PC-6741,http://blogspot.com/Cyclura_nubila/cyclura/jrofhesvat776844510.asp,02/11/2011 13:17:47
http,IKR0401,PC-6741,http://vistaprint.com/Rosendale_trestle/rosendale/jrngureiveghnyznpuvarfgnaqneqfovyyvneqfrdhvczrag546713892.php,02/11/2011 13:28:45
http,IKR0401,PC-6741,http://freelancer.com/General_aviation_in_the_United_Kingdom/ga/pnegbba409858979.php,02/11/2011 13:42:02
http,IKR0401,PC-6741,http://gamespot.com/Greek_mythology/orphic/bepurfgenubjgbgiqvzrafvbafuhagvattrne2116235980.php,02/11/2011 13:47:35
http,IKR0401,PC-6741,http://hilton.com/Peter_Heywood/heywoods/zlfgrelzragbetbyscranygvrf1891961520.php,02/11/2011 13:49:41
http,IKR0401,PC-6741,http://hilton.com/Peter_Heywood/heywoods/zlfgrelzragbetbyscranygvrf1891961520.php,02/11/2011 13:54:39
http,IKR0401,PC-6741,http://hilton.com/Peter_Heywood/heywoods/zlfgrelzragbetbyscranygvrf1891961520.php,02/11/2011 14:11:48
http,IKR0401,PC-6741,http://sourceforge.net/Calvin_Coolidge/haugen/zragbegnkvqrezl1435610816.htm,02/11/2011 14:16:15
http,IKR0401,PC-6741,http://capitalone.com/Kid_A/blips/fhaonguvatzragbeornpugifubjf1777542274.html,02/11/2011 14:21:00
http,IKR0401,PC-6741,http://hilton.com/Peter_Heywood/heywoods/zlfgrelzragbetbyscranygvrf1891961520.php,02/11/2011 14:22:56
http,IKR0401,PC-6741,http://livejournal.com/Battle_of_The_Cedars/chnes/erpehvgvatcrggenvavatfcbegf1476591955.aspx,02/11/2011 14:24:58
http,IKR0401,PC-6741,http://slideshare.net/Buffalo_nickel/repunched/jbeyqfrevrfgifrevrfzhfvptraer640513410.jsp,02/11/2011 14:32:40
http,IKR0401,PC-6741,http://gamespot.com/Ernest_Augustus_I_of_Hanover/selliss/p++erdhverzragfpuhepuergerng1347683026.jsp,02/11/2011 14:36:32
http,IKR0401,PC-6741,http://sourceforge.net/Calvin_Coolidge/haugen/zragbegnkvqrezl1435610816.htm,02/11/2011 14:36:48
http,IKR0401,PC-6741,http://hilton.com/Peter_Heywood/heywoods/zlfgrelzragbetbyscranygvrf1891961520.php,02/11/2011 15:02:48
http,IKR0401,PC-6741,http://gamespot.com/Ernest_Augustus_I_of_Hanover/selliss/p++erdhverzragfpuhepuergerng1347683026.jsp,02/11/2011 15:04:39
http,IKR0401,PC-6741,http://homedepot.com/Guinea_pig/cavy/fbsgjnersvfuvatgbheanzraganabgrpuabybtl1900280320.asp,02/11/2011 15:11:47
http,IKR0401,PC-6741,http://gamespot.com/Ernest_Augustus_I_of_Hanover/selliss/p++erdhverzragfpuhepuergerng1347683026.jsp,02/11/2011 15:12:15
http,IKR0401,PC-6741,http://break.com/USS_Iowa_turret_explosion/nis/serfujngresvfuvatguebhtuchgrkrphgvirfbsgjner1971007846.php,02/11/2011 15:17:34
http,IKR0401,PC-6741,http://yousendit.com/Forksville_Covered_Bridge/loyalsock/uhagvattrnenccyvpngvbatbfcryzhfvp1563034667.htm,02/11/2011 15:19:36
http,IKR0401,PC-6741,http://ca.gov/Battle_of_the_Eastern_Solomons/jintsu/svezjneroneorphrubjgbgi752588304.htm,02/11/2011 15:41:46
http,IKR0401,PC-6741,http://download.com/Wonderbra/brassieres/erfrnepujrofhesvatfnvyobngcrggenvavat1366384633.htm,02/11/2011 15:52:25
http,IKR0401,PC-6741,http://hilton.com/Peter_Heywood/heywoods/zlfgrelzragbetbyscranygvrf1891961520.php,02/11/2011 15:54:44
http,IKR0401,PC-6741,http://reddit.com/Le_Pre_Goriot/goriot/erfrnepucenlreqrfxgbctnzrfubjf1705266102.aspx,02/11/2011 15:57:48
http,IKR0401,PC-6741,http://reddit.com/Le_Pre_Goriot/goriot/erfrnepucenlreqrfxgbctnzrfubjf1705266102.aspx,02/11/2011 15:58:14
http,IKR0401,PC-6741,http://wsj.com/Makemake_dwarf_planet/licandro/pbbxvat968449180.asp,02/11/2011 15:59:03
http,IKR0401,PC-6741,http://last.fm/Donald_Bradman_with_the_Australian_cricket_team_in_England_in_1948/7257/inpngvbafnyrffhccbeg530102056.asp,02/11/2011 16:01:45
http,IKR0401,PC-6741,http://searchqu.com/Hydrogen/parahydrogen/nanylgvpffubrfubccvaterdhverzragfcbxrepneqtnzr1900703792.asp,02/11/2011 16:16:34
http,IKR0401,PC-6741,http://linkedin.com/Harry_Chauvel/chetwode/cebwrpg757315014.jsp,02/11/2011 16:23:06
http,IKR0401,PC-6741,http://sprint.com/Tarbosaurus/alioramus/fcbegf1844708310.html,02/11/2011 16:23:38
http,IKR0401,PC-6741,http://sourceforge.net/Calvin_Coolidge/haugen/zragbegnkvqrezl1435610816.htm,02/11/2011 16:24:54
http,IKR0401,PC-6741,http://abcnews.go.com/Cyathus/peridioles/qrpxbspneqfzragbeernqvat983931320.aspx,02/11/2011 16:25:11
http,IKR0401,PC-6741,http://tigerdirect.com/European_Commission/barroso/gifrevrfzragbegernqzvyy220107153.html,02/11/2011 16:25:14
http,IKR0401,PC-6741,http://sourceforge.net/Calvin_Coolidge/haugen/zragbegnkvqrezl1435610816.htm,02/11/2011 16:47:31
http,IKR0401,PC-6741,http://hilton.com/Peter_Heywood/heywoods/zlfgrelzragbetbyscranygvrf1891961520.php,02/11/2011 16:51:27
http,IKR0401,PC-6741,http://eonline.com/Gregory_of_Nazianzus/sasima/gragcebwrpgcrgsvfupbyyrtrfbppre691547229.htm,02/11/2011 16:51:57
http,IKR0401,PC-6741,http://conduit.com/French_colonization_of_Texas/salle/cebwrpgfxvgevcznfffgbentrpbhagelzhfvp1636455169.jsp,02/11/2011 16:54:04
http,IKR0401,PC-6741,http://livejournal.com/Battle_of_The_Cedars/chnes/erpehvgvatcrggenvavatfcbegf1476591955.aspx,02/11/2011 16:55:21
http,IKR0401,PC-6741,http://merchantcircle.com/Sylvanus_Morley/saa/tbyspyhofcngragnvegeniryerdhverzragf133443107.aspx,02/11/2011 17:08:15
http,IKR0401,PC-6741,http://marketwatch.com/Dover_Athletic_FC/cva/nhgbgverercnvefbsgjner1636946950.htm,02/11/2011 17:14:04
http,IKR0401,PC-6741,http://linkedin.com/Harry_Chauvel/chetwode/cebwrpg757315014.jsp,02/11/2011 17:16:46
http,IKR0401,PC-6741,http://gamespot.com/Greek_mythology/orphic/bepurfgenubjgbgiqvzrafvbafuhagvattrne2116235980.php,02/11/2011 17:34:05
http,IKR0401,PC-6741,http://ca.gov/Battle_of_the_Eastern_Solomons/jintsu/svezjneroneorphrubjgbgi752588304.htm,02/11/2011 17:39:23
http,IKR0401,PC-6741,http://cox.com/Terry_Sanford/sanford/rqhpngvbanyovoyrfghqlzbgbeplpyryvprafrjngrecbyb905799943.asp,02/11/2011 17:39:34
http,IKR0401,PC-6741,http://newsmax.com/Battle_of_Grand_Port/magiciennes/p++ureotneqravatsvfuvatobngfpvffbef626487947.html,02/11/2011 17:42:27
http,IKR0401,PC-6741,http://hilton.com/Peter_Heywood/heywoods/zlfgrelzragbetbyscranygvrf1891961520.php,02/11/2011 17:46:34
http,IKR0401,PC-6741,http://gamespot.com/Ernest_Augustus_I_of_Hanover/selliss/p++erdhverzragfpuhepuergerng1347683026.jsp,02/11/2011 17:49:01
http,IKR0401,PC-6741,http://whitepages.com/Casablanca_film/ilsa/p++371465080.aspx,02/11/2011 17:53:13
http,IKR0401,PC-6741,http://fiverr.com/Art_Ross/nha/uvfgbelbsfxvvatpbzzvffvbanccyvpngvbafjrngure820804556.asp,02/11/2011 17:55:50
http,IKR0401,PC-6741,http://reddit.com/Le_Pre_Goriot/goriot/erfrnepucenlreqrfxgbctnzrfubjf1705266102.aspx,02/11/2011 17:57:56
http,IKR0401,PC-6741,http://linksynergy.com/Le_Quang_Tung/counterespionage/fcbegffgrnzvat533885687.jsp,02/11/2011 17:59:57
http,IKR0401,PC-6741,http://slideshare.net/Buffalo_nickel/repunched/jbeyqfrevrfgifrevrfzhfvptraer640513410.jsp,02/11/2011 18:19:34
http,IKR0401,PC-6741,http://newsmax.com/Battle_of_Grand_Port/magiciennes/p++ureotneqravatsvfuvatobngfpvffbef626487947.html,02/11/2011 18:27:46
http,IKR0401,PC-6741,http://gamespot.com/Ernest_Augustus_I_of_Hanover/selliss/p++erdhverzragfpuhepuergerng1347683026.jsp,02/11/2011 18:29:31
http,IKR0401,PC-6741,http://gamespot.com/Greek_mythology/orphic/bepurfgenubjgbgiqvzrafvbafuhagvattrne2116235980.php,02/11/2011 18:39:18
http,IKR0401,PC-6741,http://gamespot.com/Ernest_Augustus_I_of_Hanover/selliss/p++erdhverzragfpuhepuergerng1347683026.jsp,02/11/2011 18:39:37
http,IKR0401,PC-6741,http://yfrog.com/Saffron/saffron/fhccbegfhcreobjy789727225.aspx,02/11/2011 18:47:19
http,IKR0401,PC-6741,http://gamespot.com/Ernest_Augustus_I_of_Hanover/selliss/p++erdhverzragfpuhepuergerng1347683026.jsp,02/11/2011 18:54:12
http,IKR0401,PC-6741,http://searchqu.com/Hydrogen/parahydrogen/nanylgvpffubrfubccvaterdhverzragfcbxrepneqtnzr1900703792.asp,02/11/2011 18:54:18
email,IKR0401,PC-6741,Ivor.Kenneth.Rollins@dtaa.com,Ariana.Doris.Frazier@dtaa.com,22946,0,02/11/2011 08:11:48
email,IKR0401,PC-6741,Ivor.Kenneth.Rollins@dtaa.com,Courtney.Brynn.Garrett@dtaa.com,21995,0,02/11/2011 08:12:51
email,IKR0401,PC-6741,Ivor.Kenneth.Rollins@dtaa.com,Jeanette.Eliana.Rivera@dtaa.com,27368,0,02/11/2011 08:25:26
email,IKR0401,PC-6741,Ivor.Kenneth.Rollins@dtaa.com,Adena.Lisandra.Hardin@dtaa.com,31275,0,02/11/2011 08:26:45
email,IKR0401,PC-6741,Ivor.Kenneth.Rollins@dtaa.com,Alea.Maggie.Whitfield@dtaa.com,29658,0,02/11/2011 12:58:29
email,IKR0401,PC-6741,Ivor.Kenneth.Rollins@dtaa.com,Raymond.Otto.Bond@dtaa.com,28752,0,02/11/2011 17:28:36
email,IKR0401,PC-6741,Ivor.Kenneth.Rollins@dtaa.com,Aurelia.Martina.Reese@dtaa.com,42937,0,02/11/2011 17:39:59
email,IKR0401,PC-6741,Ivor.Kenneth.Rollins@dtaa.com,Aurelia.Martina.Reese@dtaa.com,62488,0,02/11/2011 18:14:10
email,IKR0401,PC-6741,Ivor.Kenneth.Rollins@dtaa.com,Adena.Lisandra.Hardin@dtaa.com,32101,0,02/11/2011 18:23:51
device,IKR0401,PC-6741,Connect,02/11/2011 10:54:06
device,IKR0401,PC-6741,Disconnect,02/11/2011 11:40:16
device,IKR0401,PC-6741,Connect,02/11/2011 15:59:35
device,IKR0401,PC-6741,Disconnect,02/11/2011 16:15:17
