logon,RGG0064,PC-8859,Logon,05/07/2010 07:00:00
logon,RGG0064,PC-8859,Logoff,05/07/2010 15:15:00
http,RGG0064,PC-8859,http://forbes.com/Tech_Tower/crecine/genvavatobbx1039304836.htm,05/07/2010 07:05:42
http,RGG0064,PC-8859,http://sfgate.com/Battle_of_Osan/m9a1/genvavatgraavfenpxrg1906880960.asp,05/07/2010 07:07:56
http,RGG0064,PC-8859,http://ingdirect.com/Edward_Low/spriggs/qvzvavfuvatergheafcrggenvavatfrjvatcva82140046.htm,05/07/2010 07:17:15
http,RGG0064,PC-8859,http://statcounter.com/USS_Wisconsin_BB64/bombline/uvfgbelbsfxvvatqvzvavfuvatergheaffhesvatraretlsbbqf2113417428.php,05/07/2010 07:29:51
http,RGG0064,PC-8859,http://cbslocal.com/Ann_Arbor_Michigan/washtenaw/ynjqvzvavfuvatergheaf714239438.asp,05/07/2010 07:35:41
http,RGG0064,PC-8859,http://secureserver.net/The_Swimming_Hole/imagestudy/xnengrqvzvavfuvatergheaf1253206430.aspx,05/07/2010 07:36:04
http,RGG0064,PC-8859,http://cbslocal.com/Ann_Arbor_Michigan/washtenaw/ynjqvzvavfuvatergheaf714239438.asp,05/07/2010 07:37:31
http,RGG0064,PC-8859,http://cbslocal.com/Ann_Arbor_Michigan/washtenaw/ynjqvzvavfuvatergheaf714239438.asp,05/07/2010 07:38:54
http,RGG0064,PC-8859,http://statcounter.com/USS_Wisconsin_BB64/bombline/uvfgbelbsfxvvatqvzvavfuvatergheaffhesvatraretlsbbqf2113417428.php,05/07/2010 07:39:42
http,RGG0064,PC-8859,http://newegg.com/History_of_Sesame_Street/cooneys/svfuvatobngjngrecbybfxvpbzcrgvgvbaqvzvavfuvatergheaf426729502.asp,05/07/2010 07:40:37
http,RGG0064,PC-8859,http://secureserver.net/The_Swimming_Hole/imagestudy/xnengrqvzvavfuvatergheaf1253206430.aspx,05/07/2010 07:42:22
http,RGG0064,PC-8859,http://istockphoto.com/Moltkeclass_battlecruiser/18100/ivfhnyfghqvbnhgbercnvegrfgrdhvczragzbgbeplpyrenpvat490712217.aspx,05/07/2010 07:43:14
http,RGG0064,PC-8859,http://nasa.gov/Political_integration_of_India/junagadhs/yherfirttvatbhgnhgbercnvecnegfthvqr1656152777.php,05/07/2010 07:52:22
http,RGG0064,PC-8859,http://cbssports.com/Ceawlin_of_Wessex/cynric/qbtfubjgbvyrgyherf774948688.aspx,05/07/2010 08:15:14
http,RGG0064,PC-8859,http://cvs.com/Nathaniel_Parker_Willis/stace/svfuvatonvgfnqqyrwhfgvagvzr1308236743.htm,05/07/2010 08:21:45
http,RGG0064,PC-8859,http://secureserver.net/The_Swimming_Hole/imagestudy/xnengrqvzvavfuvatergheaf1253206430.aspx,05/07/2010 08:31:06
http,RGG0064,PC-8859,http://cbslocal.com/Ann_Arbor_Michigan/washtenaw/ynjqvzvavfuvatergheaf714239438.asp,05/07/2010 08:31:13
http,RGG0064,PC-8859,http://cbslocal.com/Ann_Arbor_Michigan/washtenaw/ynjqvzvavfuvatergheaf714239438.asp,05/07/2010 08:32:54
http,RGG0064,PC-8859,http://cbslocal.com/Ann_Arbor_Michigan/washtenaw/ynjqvzvavfuvatergheaf714239438.asp,05/07/2010 08:33:08
http,RGG0064,PC-8859,http://conduit.com/Battle_of_Vimy_Ridge/pimple/qvzvavfuvatergheafuvxvatrdhvczragehtol872412139.html,05/07/2010 08:33:51
http,RGG0064,PC-8859,http://fiverr.com/Art_Ross/nha/uvfgbelbsfxvvatpbzzvffvbanccyvpngvbafjrngure820804556.asp,05/07/2010 08:38:40
http,RGG0064,PC-8859,http://conduit.com/Battle_of_Vimy_Ridge/pimple/qvzvavfuvatergheafuvxvatrdhvczragehtol872412139.html,05/07/2010 08:52:22
http,RGG0064,PC-8859,http://united.com/Bert_Trautmann/makerfield/nhgbercnvegbbyfuvxvatthvqrgenvavat285864339.aspx,05/07/2010 08:57:33
http,RGG0064,PC-8859,http://sina.com.cn/Angelina_Jolie/zahara/qvzvavfuvatergheafqbjauvyyfxvvat214641394.htm,05/07/2010 08:59:56
http,RGG0064,PC-8859,http://tripadvisor.com/Don_Dunstan/lcl/genvavatbylzcvpfcebprffpbageby1859364939.aspx,05/07/2010 09:03:31
http,RGG0064,PC-8859,http://weather.gov/Frank_Zappa/synclavier/onynaprfurrgfcvapnfgvatuvxvatfnsrgl1865742552.htm,05/07/2010 09:40:07
http,RGG0064,PC-8859,http://fiverr.com/Art_Ross/nha/uvfgbelbsfxvvatpbzzvffvbanccyvpngvbafjrngure820804556.asp,05/07/2010 09:47:11
http,RGG0064,PC-8859,http://slate.com/1933_Atlantic_hurricane_season/05z/jrngure696245205.jsp,05/07/2010 09:51:14
http,RGG0064,PC-8859,http://vistaprint.com/Rosendale_trestle/rosendale/jrngureiveghnyznpuvarfgnaqneqfovyyvneqfrdhvczrag546713892.php,05/07/2010 09:51:31
http,RGG0064,PC-8859,http://statcounter.com/USS_Wisconsin_BB64/bombline/uvfgbelbsfxvvatqvzvavfuvatergheaffhesvatraretlsbbqf2113417428.php,05/07/2010 09:53:49
http,RGG0064,PC-8859,http://seobook.com/Film_Booking_Offices_of_America/fbos/jrngurepurzvfgelpneqtnzrobbxf1074208437.asp,05/07/2010 09:55:31
http,RGG0064,PC-8859,http://statcounter.com/USS_Wisconsin_BB64/bombline/uvfgbelbsfxvvatqvzvavfuvatergheaffhesvatraretlsbbqf2113417428.php,05/07/2010 10:02:08
http,RGG0064,PC-8859,http://cbslocal.com/Ann_Arbor_Michigan/washtenaw/ynjqvzvavfuvatergheaf714239438.asp,05/07/2010 10:03:50
http,RGG0064,PC-8859,http://conduit.com/Battle_of_Vimy_Ridge/pimple/qvzvavfuvatergheafuvxvatrdhvczragehtol872412139.html,05/07/2010 10:03:54
http,RGG0064,PC-8859,http://nbcsports.com/General_aviation_in_the_United_Kingdom/ga/pnyraqnecebwrpgvagreangvbanygeniryqvzvavfuvatergheaf1257642606.htm,05/07/2010 10:03:55
http,RGG0064,PC-8859,http://cbslocal.com/Ann_Arbor_Michigan/washtenaw/ynjqvzvavfuvatergheaf714239438.asp,05/07/2010 10:04:30
http,RGG0064,PC-8859,http://cbslocal.com/Ann_Arbor_Michigan/washtenaw/ynjqvzvavfuvatergheaf714239438.asp,05/07/2010 10:04:37
http,RGG0064,PC-8859,http://att.com/History_of_Burnside/tusmore/znahsnpghevatnccyvpngvba2764249.php,05/07/2010 10:06:34
http,RGG0064,PC-8859,http://secureserver.net/The_Swimming_Hole/imagestudy/xnengrqvzvavfuvatergheaf1253206430.aspx,05/07/2010 10:06:47
http,RGG0064,PC-8859,http://nbcsports.com/General_aviation_in_the_United_Kingdom/ga/pnyraqnecebwrpgvagreangvbanygeniryqvzvavfuvatergheaf1257642606.htm,05/07/2010 10:07:15
http,RGG0064,PC-8859,http://tigerdirect.com/Bert_Trautmann/makerfield/fbsgjnergraavfznfgrefobngsraqretbysgbheanzrag1656510768.asp,05/07/2010 10:11:32
http,RGG0064,PC-8859,http://sfgate.com/Battle_of_Osan/m9a1/genvavatgraavfenpxrg1906880960.asp,05/07/2010 10:15:22
http,RGG0064,PC-8859,http://bankofamerica.com/New_South_Greenland/housley/ebpxnaqebyyunyybssnzrovplpyrnpebongvpfuvxvatfnsrglivfhnyfghqvb859533763.asp,05/07/2010 10:15:38
http,RGG0064,PC-8859,http://qq.com/Australia_at_the_Winter_Olympics/camplin/yherfoybttvat2113120557.php,05/07/2010 10:19:22
http,RGG0064,PC-8859,http://nbcsports.com/General_aviation_in_the_United_Kingdom/ga/pnyraqnecebwrpgvagreangvbanygeniryqvzvavfuvatergheaf1257642606.htm,05/07/2010 10:22:18
http,RGG0064,PC-8859,http://qq.com/Australia_at_the_Winter_Olympics/camplin/yherfoybttvat2113120557.php,05/07/2010 10:23:22
http,RGG0064,PC-8859,http://weather.gov/Frank_Zappa/synclavier/onynaprfurrgfcvapnfgvatuvxvatfnsrgl1865742552.htm,05/07/2010 10:29:02
http,RGG0064,PC-8859,http://cbslocal.com/Ann_Arbor_Michigan/washtenaw/ynjqvzvavfuvatergheaf714239438.asp,05/07/2010 10:38:46
http,RGG0064,PC-8859,http://picnik.com/Gough_Whitlam/gairs/vagreangvbanygeniryjrngure1137555397.php,05/07/2010 10:40:09
http,RGG0064,PC-8859,http://tigerdirect.com/Bert_Trautmann/makerfield/fbsgjnergraavfznfgrefobngsraqretbysgbheanzrag1656510768.asp,05/07/2010 10:48:13
http,RGG0064,PC-8859,http://nasa.gov/Political_integration_of_India/junagadhs/yherfirttvatbhgnhgbercnvecnegfthvqr1656152777.php,05/07/2010 10:48:23
http,RGG0064,PC-8859,http://cbslocal.com/Ann_Arbor_Michigan/washtenaw/ynjqvzvavfuvatergheaf714239438.asp,05/07/2010 10:52:55
http,RGG0064,PC-8859,http://nymag.com/1910_London_to_Manchester_air_race/wormwood/fgbpxerdhverzragfernyvglgivyyarff529754788.asp,05/07/2010 11:29:17
http,RGG0064,PC-8859,http://istockphoto.com/Roberto_Luongo/melanson/vagreangvbanygeniryzbgbeobngonfxrgonyyjrngure731439016.php,05/07/2010 11:30:30
http,RGG0064,PC-8859,http://slate.com/1933_Atlantic_hurricane_season/05z/jrngure696245205.jsp,05/07/2010 11:31:56
http,RGG0064,PC-8859,http://weather.gov/Frank_Zappa/synclavier/onynaprfurrgfcvapnfgvatuvxvatfnsrgl1865742552.htm,05/07/2010 12:21:43
http,RGG0064,PC-8859,http://conduit.com/Battle_of_Vimy_Ridge/pimple/qvzvavfuvatergheafuvxvatrdhvczragehtol872412139.html,05/07/2010 12:29:41
http,RGG0064,PC-8859,http://cbslocal.com/Ann_Arbor_Michigan/washtenaw/ynjqvzvavfuvatergheaf714239438.asp,05/07/2010 12:31:20
http,RGG0064,PC-8859,http://buzzfeed.com/William_III_of_England/stadtholder/grfgvat802757254.php,05/07/2010 12:31:26
http,RGG0064,PC-8859,http://cbslocal.com/Ann_Arbor_Michigan/washtenaw/ynjqvzvavfuvatergheaf714239438.asp,05/07/2010 12:40:31
http,RGG0064,PC-8859,http://vistaprint.com/Rosendale_trestle/rosendale/jrngureiveghnyznpuvarfgnaqneqfovyyvneqfrdhvczrag546713892.php,05/07/2010 12:44:09
http,RGG0064,PC-8859,http://cbslocal.com/Ann_Arbor_Michigan/washtenaw/ynjqvzvavfuvatergheaf714239438.asp,05/07/2010 12:49:17
http,RGG0064,PC-8859,http://statcounter.com/USS_Wisconsin_BB64/bombline/uvfgbelbsfxvvatqvzvavfuvatergheaffhesvatraretlsbbqf2113417428.php,05/07/2010 12:50:28
http,RGG0064,PC-8859,http://boston.com/State_Route_74_New_York__Vermont/larrabees/fbsgjnerovyyvneqfuvfgbel1010188843.htm,05/07/2010 12:54:08
http,RGG0064,PC-8859,http://bankofamerica.com/New_South_Greenland/housley/ebpxnaqebyyunyybssnzrovplpyrnpebongvpfuvxvatfnsrglivfhnyfghqvb859533763.asp,05/07/2010 12:54:12
http,RGG0064,PC-8859,http://marketwatch.com/Dover_Athletic_FC/cva/nhgbgverercnvefbsgjner1636946950.htm,05/07/2010 12:54:15
http,RGG0064,PC-8859,http://secureserver.net/The_Swimming_Hole/imagestudy/xnengrqvzvavfuvatergheaf1253206430.aspx,05/07/2010 12:55:57
http,RGG0064,PC-8859,http://nasa.gov/Political_integration_of_India/junagadhs/yherfirttvatbhgnhgbercnvecnegfthvqr1656152777.php,05/07/2010 13:11:19
http,RGG0064,PC-8859,http://qq.com/Australia_at_the_Winter_Olympics/camplin/yherfoybttvat2113120557.php,05/07/2010 13:12:53
http,RGG0064,PC-8859,http://united.com/Bert_Trautmann/makerfield/nhgbercnvegbbyfuvxvatthvqrgenvavat285864339.aspx,05/07/2010 13:15:22
http,RGG0064,PC-8859,http://coupons.com/Akhtar_Hameed_Khan/orangi/genvavatgraavfenpxrgcreraavny1807389598.htm,05/07/2010 13:21:14
http,RGG0064,PC-8859,http://forbes.com/Tech_Tower/crecine/genvavatobbx1039304836.htm,05/07/2010 13:26:16
http,RGG0064,PC-8859,http://nasa.gov/Political_integration_of_India/junagadhs/yherfirttvatbhgnhgbercnvecnegfthvqr1656152777.php,05/07/2010 13:47:47
http,RGG0064,PC-8859,http://wikia.com/John_Calvin/servetus/fcvapnfgvat1553002817.php,05/07/2010 13:50:03
http,RGG0064,PC-8859,http://nasa.gov/Political_integration_of_India/junagadhs/yherfirttvatbhgnhgbercnvecnegfthvqr1656152777.php,05/07/2010 13:51:27
http,RGG0064,PC-8859,http://topix.com/Alien_vs_Predator_film/kloser/yherf260762278.asp,05/07/2010 13:51:52
http,RGG0064,PC-8859,http://secureserver.net/The_Swimming_Hole/imagestudy/xnengrqvzvavfuvatergheaf1253206430.aspx,05/07/2010 14:03:01
http,RGG0064,PC-8859,http://officedepot.com/Cdwalla_of_Wessex/thelwealhs/obngznvagranaprjrngureobjyvatfcyvgf1750468637.html,05/07/2010 14:04:58
http,RGG0064,PC-8859,http://webmd.com/SMS_Knig/woi/genvavatfgengrtl562663109.aspx,05/07/2010 14:25:39
http,RGG0064,PC-8859,http://att.com/History_of_Burnside/tusmore/znahsnpghevatnccyvpngvba2764249.php,05/07/2010 14:26:57
http,RGG0064,PC-8859,http://cbslocal.com/Ann_Arbor_Michigan/washtenaw/ynjqvzvavfuvatergheaf714239438.asp,05/07/2010 14:28:51
http,RGG0064,PC-8859,http://cbslocal.com/Ann_Arbor_Michigan/washtenaw/ynjqvzvavfuvatergheaf714239438.asp,05/07/2010 14:28:57
http,RGG0064,PC-8859,http://homedepot.com/Guinea_pig/cavy/fbsgjnersvfuvatgbheanzraganabgrpuabybtl1900280320.asp,05/07/2010 14:29:01
http,RGG0064,PC-8859,http://buzzfeed.com/William_III_of_England/stadtholder/grfgvat802757254.php,05/07/2010 14:34:50
http,RGG0064,PC-8859,http://tigerdirect.com/Bert_Trautmann/makerfield/fbsgjnergraavfznfgrefobngsraqretbysgbheanzrag1656510768.asp,05/07/2010 14:36:55
http,RGG0064,PC-8859,http://forbes.com/Tech_Tower/crecine/genvavatobbx1039304836.htm,05/07/2010 14:37:34
http,RGG0064,PC-8859,http://officedepot.com/Cdwalla_of_Wessex/thelwealhs/obngznvagranaprjrngureobjyvatfcyvgf1750468637.html,05/07/2010 14:55:09
http,RGG0064,PC-8859,http://cbslocal.com/Ann_Arbor_Michigan/washtenaw/ynjqvzvavfuvatergheaf714239438.asp,05/07/2010 14:58:54
http,RGG0064,PC-8859,http://battle.net/Bayern_class_battleship/bayern/qvzvavfuvatergheafpbyyrtronfxrgonyyyhttntronaqjvqgu472692228.asp,05/07/2010 14:59:42
http,RGG0064,PC-8859,http://conduit.com/Battle_of_Vimy_Ridge/pimple/qvzvavfuvatergheafuvxvatrdhvczragehtol872412139.html,05/07/2010 15:01:08
http,RGG0064,PC-8859,http://cbslocal.com/Ann_Arbor_Michigan/washtenaw/ynjqvzvavfuvatergheaf714239438.asp,05/07/2010 15:02:15
http,RGG0064,PC-8859,http://qq.com/Australia_at_the_Winter_Olympics/camplin/yherfoybttvat2113120557.php,05/07/2010 15:03:52
http,RGG0064,PC-8859,http://cbslocal.com/Ann_Arbor_Michigan/washtenaw/ynjqvzvavfuvatergheaf714239438.asp,05/07/2010 15:07:54
http,RGG0064,PC-8859,http://nbcsports.com/General_aviation_in_the_United_Kingdom/ga/pnyraqnecebwrpgvagreangvbanygeniryqvzvavfuvatergheaf1257642606.htm,05/07/2010 15:08:16
http,RGG0064,PC-8859,http://secureserver.net/The_Swimming_Hole/imagestudy/xnengrqvzvavfuvatergheaf1253206430.aspx,05/07/2010 15:12:20
email,RGG0064,PC-8859,Riley.Ginger.Guy@dtaa.com,Aurora.Tatiana.Payne@dtaa.com,33713,0,05/07/2010 07:24:49
email,RGG0064,PC-8859,Riley_Guy@comcast.net,Bond-Chadwick@yahoo.com,17510,0,05/07/2010 10:10:48
email,RGG0064,PC-8859,Riley.Ginger.Guy@dtaa.com,Blythe.Veda.Cooke@dtaa.com;Vance.Ira.Alston@dtaa.com;Stephanie.Briar.Harrington@dtaa.com,21917,2,05/07/2010 12:24:46
email,RGG0064,PC-8859,Riley.Ginger.Guy@dtaa.com,Aurora.Tatiana.Payne@dtaa.com,35291,0,05/07/2010 12:27:43
email,RGG0064,PC-8859,Riley.Ginger.Guy@dtaa.com,Noble.Clinton.Klein@dtaa.com;Todd.Vance.Spears@dtaa.com,24783,8,05/07/2010 12:30:59
email,RGG0064,PC-8859,Riley.Ginger.Guy@dtaa.com,Keaton.Ronan.Leonard@dtaa.com,48475,0,05/07/2010 13:10:17
email,RGG0064,PC-8859,Riley.Ginger.Guy@dtaa.com,Jocelyn.Bree.Mccray@dtaa.com;Vance.Ira.Alston@dtaa.com,24195,0,05/07/2010 13:26:50
email,RGG0064,PC-8859,Riley.Ginger.Guy@dtaa.com,Ryan.Kelly.Frost@dtaa.com,28794,1,05/07/2010 13:31:12
email,RGG0064,PC-8859,Riley.Ginger.Guy@dtaa.com,Stephanie.Briar.Harrington@dtaa.com;Jana_Fernandez@lockheedmartin.com,27028,0,05/07/2010 13:46:56
