logon,DRR0162,PC-5168,Logon,04/15/2010 07:19:00
logon,DRR0162,PC-5168,Logoff,04/15/2010 16:13:00
http,DRR0162,PC-5168,http://cbslocal.com/Ann_Arbor_Michigan/washtenaw/ynjqvzvavfuvatergheaf714239438.asp,04/15/2010 07:22:16
http,DRR0162,PC-5168,http://priceline.com/Andalusian_horse/andalusian/jngrecbybgenvageniryynpebffr1188520119.asp,04/15/2010 07:22:29
http,DRR0162,PC-5168,http://groupon.com/American_Airlines_Flight_11/suqami/jryqrebcrengvbafzbgbeplpyrercnvejngrecbyb674848424.asp,04/15/2010 07:23:00
http,DRR0162,PC-5168,http://priceline.com/Andalusian_horse/andalusian/jngrecbybgenvageniryynpebffr1188520119.asp,04/15/2010 07:23:12
http,DRR0162,PC-5168,http://npr.org/Latter_Days/sandvoss/zbgbeplpyrzhfrhznpprcgnaprgrfgercbegsnzvyl355437132.php,04/15/2010 07:23:49
http,DRR0162,PC-5168,http://weebly.com/Georgetown_University/hoyas/cenpgvprcynlvatzhfvpsnzvylterragenafcbegngvbacebsrffvbanyfbppre1726875144.html,04/15/2010 07:24:32
http,DRR0162,PC-5168,http://foxnews.com/Belle_Vue_Zoological_Gardens/vue/grnzfubgthaovplpyrfnsrglpynffvpnyqerffntr1133120350.php,04/15/2010 07:24:49
http,DRR0162,PC-5168,http://npr.org/Latter_Days/sandvoss/zbgbeplpyrzhfrhznpprcgnaprgrfgercbegsnzvyl355437132.php,04/15/2010 07:31:30
http,DRR0162,PC-5168,http://cbslocal.com/Ann_Arbor_Michigan/washtenaw/ynjqvzvavfuvatergheaf714239438.asp,04/15/2010 07:33:59
http,DRR0162,PC-5168,http://cbslocal.com/Ann_Arbor_Michigan/washtenaw/ynjqvzvavfuvatergheaf714239438.asp,04/15/2010 07:51:06
http,DRR0162,PC-5168,http://city-data.com/No_Way_Out_2004/hotty/sregvyvmreaba-svpgvbaovyyvneqfgbheanzragsnzvyl531794135.html,04/15/2010 07:52:04
http,DRR0162,PC-5168,http://weebly.com/Georgetown_University/hoyas/cenpgvprcynlvatzhfvpsnzvylterragenafcbegngvbacebsrffvbanyfbppre1726875144.html,04/15/2010 07:53:34
http,DRR0162,PC-5168,http://about.com/Convoy_GP55/gp55/pnzcvatjrngureonfvpffbpvnyargjbexvatfpurqhyrcvgperj444006232.htm,04/15/2010 08:01:34
http,DRR0162,PC-5168,http://nfl.com/Greece_runestones/dybeck/snzvyltvaehzzlpneqtnzrarjffbsgonyy1814779370.jsp,04/15/2010 08:02:51
http,DRR0162,PC-5168,http://quickmeme.com/Flood_Halo/joyrides/uhagvatfrnfbazhygvgnfxvatvagrearg1222797969.php,04/15/2010 08:06:35
http,DRR0162,PC-5168,http://npr.org/Latter_Days/sandvoss/zbgbeplpyrzhfrhznpprcgnaprgrfgercbegsnzvyl355437132.php,04/15/2010 08:10:20
http,DRR0162,PC-5168,http://quickmeme.com/Flood_Halo/joyrides/uhagvatfrnfbazhygvgnfxvatvagrearg1222797969.php,04/15/2010 08:10:23
http,DRR0162,PC-5168,http://livejournal.com/Red_River_Trails/kittson/snzvylfvkfvtznjrofvgrqrirybczragonfxrgonyyunyybssnzr626890445.htm,04/15/2010 08:11:12
http,DRR0162,PC-5168,http://quickmeme.com/Flood_Halo/joyrides/uhagvatfrnfbazhygvgnfxvatvagrearg1222797969.php,04/15/2010 08:13:01
http,DRR0162,PC-5168,http://livejournal.com/Red_River_Trails/kittson/snzvylfvkfvtznjrofvgrqrirybczragonfxrgonyyunyybssnzr626890445.htm,04/15/2010 08:18:18
http,DRR0162,PC-5168,http://bizjournals.com/Canadian_federal_election_1957/diefenbaker/gryrznexrgvatratvarrevatgbyrenaprgrnz706920437.php,04/15/2010 08:33:00
http,DRR0162,PC-5168,http://npr.org/Latter_Days/sandvoss/zbgbeplpyrzhfrhznpprcgnaprgrfgercbegsnzvyl355437132.php,04/15/2010 08:33:35
http,DRR0162,PC-5168,http://city-data.com/No_Way_Out_2004/hotty/sregvyvmreaba-svpgvbaovyyvneqfgbheanzragsnzvyl531794135.html,04/15/2010 08:34:28
http,DRR0162,PC-5168,http://cbslocal.com/Ann_Arbor_Michigan/washtenaw/ynjqvzvavfuvatergheaf714239438.asp,04/15/2010 08:35:18
http,DRR0162,PC-5168,http://city-data.com/No_Way_Out_2004/hotty/sregvyvmreaba-svpgvbaovyyvneqfgbheanzragsnzvyl531794135.html,04/15/2010 08:38:48
http,DRR0162,PC-5168,http://fatwallet.com/Grand_Duchess_Olga_Nikolaevna_of_Russia/olga/snzvylculfvpf76474686.asp,04/15/2010 08:44:01
http,DRR0162,PC-5168,http://secureserver.net/The_Swimming_Hole/imagestudy/xnengrqvzvavfuvatergheaf1253206430.aspx,04/15/2010 08:50:27
http,DRR0162,PC-5168,http://cbslocal.com/Ann_Arbor_Michigan/washtenaw/ynjqvzvavfuvatergheaf714239438.asp,04/15/2010 08:53:37
http,DRR0162,PC-5168,http://livejournal.com/Red_River_Trails/kittson/snzvylfvkfvtznjrofvgrqrirybczragonfxrgonyyunyybssnzr626890445.htm,04/15/2010 09:11:02
http,DRR0162,PC-5168,http://city-data.com/No_Way_Out_2004/hotty/sregvyvmreaba-svpgvbaovyyvneqfgbheanzragsnzvyl531794135.html,04/15/2010 09:15:14
http,DRR0162,PC-5168,http://secureserver.net/The_Swimming_Hole/imagestudy/xnengrqvzvavfuvatergheaf1253206430.aspx,04/15/2010 09:15:43
http,DRR0162,PC-5168,http://cbslocal.com/Ann_Arbor_Michigan/washtenaw/ynjqvzvavfuvatergheaf714239438.asp,04/15/2010 09:17:28
http,DRR0162,PC-5168,http://livingrichwithcoupons.com/Posting_system/irabu/ovttnzrsvfuvatsnzvylubefronpxevqvatfghagfqenzn826114471.htm,04/15/2010 09:25:37
http,DRR0162,PC-5168,http://cbslocal.com/Ann_Arbor_Michigan/washtenaw/ynjqvzvavfuvatergheaf714239438.asp,04/15/2010 09:39:45
http,DRR0162,PC-5168,http://dailymotion.com/Barthlemy_Boganda/oubangui/grnzcnffcbegonpxcnpx1789736292.html,04/15/2010 09:41:27
http,DRR0162,PC-5168,http://nfl.com/Greece_runestones/dybeck/snzvyltvaehzzlpneqtnzrarjffbsgonyy1814779370.jsp,04/15/2010 09:46:06
http,DRR0162,PC-5168,http://dailymotion.com/Barthlemy_Boganda/oubangui/grnzcnffcbegonpxcnpx1789736292.html,04/15/2010 09:47:20
http,DRR0162,PC-5168,http://bizjournals.com/Canadian_federal_election_1957/diefenbaker/gryrznexrgvatratvarrevatgbyrenaprgrnz706920437.php,04/15/2010 09:50:32
http,DRR0162,PC-5168,http://conduit.com/Battle_of_Vimy_Ridge/pimple/qvzvavfuvatergheafuvxvatrdhvczragehtol872412139.html,04/15/2010 09:50:39
http,DRR0162,PC-5168,http://secureserver.net/The_Swimming_Hole/imagestudy/xnengrqvzvavfuvatergheaf1253206430.aspx,04/15/2010 09:51:02
http,DRR0162,PC-5168,http://zillow.com/Tulip_mania/goldgars/grnzsregvyvmre383317473.html,04/15/2010 09:53:14
http,DRR0162,PC-5168,http://npr.org/Latter_Days/sandvoss/zbgbeplpyrzhfrhznpprcgnaprgrfgercbegsnzvyl355437132.php,04/15/2010 09:58:28
http,DRR0162,PC-5168,http://nfl.com/Greece_runestones/dybeck/snzvyltvaehzzlpneqtnzrarjffbsgonyy1814779370.jsp,04/15/2010 09:59:13
http,DRR0162,PC-5168,http://fatwallet.com/Grand_Duchess_Olga_Nikolaevna_of_Russia/olga/snzvylculfvpf76474686.asp,04/15/2010 09:59:18
http,DRR0162,PC-5168,http://fatwallet.com/Grand_Duchess_Olga_Nikolaevna_of_Russia/olga/snzvylculfvpf76474686.asp,04/15/2010 10:07:58
http,DRR0162,PC-5168,http://livejournal.com/Red_River_Trails/kittson/snzvylfvkfvtznjrofvgrqrirybczragonfxrgonyyunyybssnzr626890445.htm,04/15/2010 10:14:53
http,DRR0162,PC-5168,http://priceline.com/Andalusian_horse/andalusian/jngrecbybgenvageniryynpebffr1188520119.asp,04/15/2010 10:19:14
http,DRR0162,PC-5168,http://zillow.com/Tulip_mania/goldgars/grnzsregvyvmre383317473.html,04/15/2010 10:31:40
http,DRR0162,PC-5168,http://wikia.com/Chew_Valley_Lake/tadorna/tbyspnegsnagnflfcbegffrysvzcebirzraggrnz1690983725.php,04/15/2010 10:37:35
http,DRR0162,PC-5168,http://dailymotion.com/Barthlemy_Boganda/oubangui/grnzcnffcbegonpxcnpx1789736292.html,04/15/2010 10:37:49
http,DRR0162,PC-5168,http://livejournal.com/Red_River_Trails/kittson/snzvylfvkfvtznjrofvgrqrirybczragonfxrgonyyunyybssnzr626890445.htm,04/15/2010 10:51:44
http,DRR0162,PC-5168,http://npr.org/Latter_Days/sandvoss/zbgbeplpyrzhfrhznpprcgnaprgrfgercbegsnzvyl355437132.php,04/15/2010 10:51:59
http,DRR0162,PC-5168,http://livejournal.com/Red_River_Trails/kittson/snzvylfvkfvtznjrofvgrqrirybczragonfxrgonyyunyybssnzr626890445.htm,04/15/2010 10:57:50
http,DRR0162,PC-5168,http://quickmeme.com/Flood_Halo/joyrides/uhagvatfrnfbazhygvgnfxvatvagrearg1222797969.php,04/15/2010 10:58:21
http,DRR0162,PC-5168,http://dailymotion.com/Barthlemy_Boganda/oubangui/grnzcnffcbegonpxcnpx1789736292.html,04/15/2010 11:02:41
http,DRR0162,PC-5168,http://bizjournals.com/Canadian_federal_election_1957/diefenbaker/gryrznexrgvatratvarrevatgbyrenaprgrnz706920437.php,04/15/2010 11:04:38
http,DRR0162,PC-5168,http://city-data.com/No_Way_Out_2004/hotty/sregvyvmreaba-svpgvbaovyyvneqfgbheanzragsnzvyl531794135.html,04/15/2010 11:06:41
http,DRR0162,PC-5168,http://bizjournals.com/Canadian_federal_election_1957/diefenbaker/gryrznexrgvatratvarrevatgbyrenaprgrnz706920437.php,04/15/2010 11:07:47
http,DRR0162,PC-5168,http://fatwallet.com/Grand_Duchess_Olga_Nikolaevna_of_Russia/olga/snzvylculfvpf76474686.asp,04/15/2010 11:09:01
http,DRR0162,PC-5168,http://quickmeme.com/Flood_Halo/joyrides/uhagvatfrnfbazhygvgnfxvatvagrearg1222797969.php,04/15/2010 11:09:22
http,DRR0162,PC-5168,http://foxnews.com/Belle_Vue_Zoological_Gardens/vue/grnzfubgthaovplpyrfnsrglpynffvpnyqerffntr1133120350.php,04/15/2010 11:09:37
http,DRR0162,PC-5168,http://cbslocal.com/Ann_Arbor_Michigan/washtenaw/ynjqvzvavfuvatergheaf714239438.asp,04/15/2010 11:15:27
http,DRR0162,PC-5168,http://priceline.com/Andalusian_horse/andalusian/jngrecbybgenvageniryynpebffr1188520119.asp,04/15/2010 11:22:52
http,DRR0162,PC-5168,http://weebly.com/Georgetown_University/hoyas/cenpgvprcynlvatzhfvpsnzvylterragenafcbegngvbacebsrffvbanyfbppre1726875144.html,04/15/2010 11:33:42
http,DRR0162,PC-5168,http://weebly.com/Georgetown_University/hoyas/cenpgvprcynlvatzhfvpsnzvylterragenafcbegngvbacebsrffvbanyfbppre1726875144.html,04/15/2010 11:45:42
http,DRR0162,PC-5168,http://conduit.com/Battle_of_Vimy_Ridge/pimple/qvzvavfuvatergheafuvxvatrdhvczragehtol872412139.html,04/15/2010 11:49:26
http,DRR0162,PC-5168,http://nbcsports.com/General_aviation_in_the_United_Kingdom/ga/pnyraqnecebwrpgvagreangvbanygeniryqvzvavfuvatergheaf1257642606.htm,04/15/2010 11:50:01
http,DRR0162,PC-5168,http://city-data.com/No_Way_Out_2004/hotty/sregvyvmreaba-svpgvbaovyyvneqfgbheanzragsnzvyl531794135.html,04/15/2010 11:56:45
http,DRR0162,PC-5168,http://npr.org/Latter_Days/sandvoss/zbgbeplpyrzhfrhznpprcgnaprgrfgercbegsnzvyl355437132.php,04/15/2010 11:57:29
http,DRR0162,PC-5168,http://weebly.com/Georgetown_University/hoyas/cenpgvprcynlvatzhfvpsnzvylterragenafcbegngvbacebsrffvbanyfbppre1726875144.html,04/15/2010 11:57:45
http,DRR0162,PC-5168,http://weebly.com/Georgetown_University/hoyas/cenpgvprcynlvatzhfvpsnzvylterragenafcbegngvbacebsrffvbanyfbppre1726875144.html,04/15/2010 11:57:57
http,DRR0162,PC-5168,http://weebly.com/Georgetown_University/hoyas/cenpgvprcynlvatzhfvpsnzvylterragenafcbegngvbacebsrffvbanyfbppre1726875144.html,04/15/2010 11:59:52
http,DRR0162,PC-5168,http://secureserver.net/The_Swimming_Hole/imagestudy/xnengrqvzvavfuvatergheaf1253206430.aspx,04/15/2010 12:05:52
http,DRR0162,PC-5168,http://conduit.com/Battle_of_Vimy_Ridge/pimple/qvzvavfuvatergheafuvxvatrdhvczragehtol872412139.html,04/15/2010 12:06:05
http,DRR0162,PC-5168,http://conduit.com/Battle_of_Vimy_Ridge/pimple/qvzvavfuvatergheafuvxvatrdhvczragehtol872412139.html,04/15/2010 12:07:38
http,DRR0162,PC-5168,http://bizjournals.com/Canadian_federal_election_1957/diefenbaker/gryrznexrgvatratvarrevatgbyrenaprgrnz706920437.php,04/15/2010 12:08:20
http,DRR0162,PC-5168,http://swagbucks.com/Millennium_73/maharaj/fyrrcvatfgnzvanynpebffr473849307.php,04/15/2010 12:14:01
http,DRR0162,PC-5168,http://bizjournals.com/Canadian_federal_election_1957/diefenbaker/gryrznexrgvatratvarrevatgbyrenaprgrnz706920437.php,04/15/2010 12:14:48
http,DRR0162,PC-5168,http://comedycentral.com/Alexander_Cameron_Rutherford/rutherfords/fbppreyrnirabgenpruvxvatnhgberfgbengvbaphfgbzre1817485812.html,04/15/2010 12:17:22
http,DRR0162,PC-5168,http://nbcsports.com/General_aviation_in_the_United_Kingdom/ga/pnyraqnecebwrpgvagreangvbanygeniryqvzvavfuvatergheaf1257642606.htm,04/15/2010 12:19:33
http,DRR0162,PC-5168,http://cbslocal.com/Ann_Arbor_Michigan/washtenaw/ynjqvzvavfuvatergheaf714239438.asp,04/15/2010 12:21:05
http,DRR0162,PC-5168,http://quickmeme.com/Flood_Halo/joyrides/uhagvatfrnfbazhygvgnfxvatvagrearg1222797969.php,04/15/2010 12:31:22
http,DRR0162,PC-5168,http://conduit.com/Battle_of_Vimy_Ridge/pimple/qvzvavfuvatergheafuvxvatrdhvczragehtol872412139.html,04/15/2010 12:42:56
http,DRR0162,PC-5168,http://city-data.com/No_Way_Out_2004/hotty/sregvyvmreaba-svpgvbaovyyvneqfgbheanzragsnzvyl531794135.html,04/15/2010 13:03:31
http,DRR0162,PC-5168,http://cbslocal.com/Ann_Arbor_Michigan/washtenaw/ynjqvzvavfuvatergheaf714239438.asp,04/15/2010 13:03:55
http,DRR0162,PC-5168,http://nfl.com/Greece_runestones/dybeck/snzvyltvaehzzlpneqtnzrarjffbsgonyy1814779370.jsp,04/15/2010 13:07:06
http,DRR0162,PC-5168,http://livingrichwithcoupons.com/Posting_system/irabu/ovttnzrsvfuvatsnzvylubefronpxevqvatfghagfqenzn826114471.htm,04/15/2010 13:07:18
http,DRR0162,PC-5168,http://conduit.com/Battle_of_Vimy_Ridge/pimple/qvzvavfuvatergheafuvxvatrdhvczragehtol872412139.html,04/15/2010 13:37:22
http,DRR0162,PC-5168,http://cbslocal.com/Ann_Arbor_Michigan/washtenaw/ynjqvzvavfuvatergheaf714239438.asp,04/15/2010 13:46:11
http,DRR0162,PC-5168,http://cbslocal.com/Ann_Arbor_Michigan/washtenaw/ynjqvzvavfuvatergheaf714239438.asp,04/15/2010 13:46:19
http,DRR0162,PC-5168,http://dailymotion.com/Barthlemy_Boganda/oubangui/grnzcnffcbegonpxcnpx1789736292.html,04/15/2010 13:56:40
http,DRR0162,PC-5168,http://cbslocal.com/Ann_Arbor_Michigan/washtenaw/ynjqvzvavfuvatergheaf714239438.asp,04/15/2010 14:06:14
http,DRR0162,PC-5168,http://newegg.com/History_of_Sesame_Street/cooneys/svfuvatobngjngrecbybfxvpbzcrgvgvbaqvzvavfuvatergheaf426729502.asp,04/15/2010 14:13:11
http,DRR0162,PC-5168,http://btjunkie.org/Cardinalnephew/decet/serrfglyrfxvvatzhygvgnfxvatsbbqfnsrglsvefgnvq48942891.php,04/15/2010 14:14:57
http,DRR0162,PC-5168,http://city-data.com/No_Way_Out_2004/hotty/sregvyvmreaba-svpgvbaovyyvneqfgbheanzragsnzvyl531794135.html,04/15/2010 14:22:50
http,DRR0162,PC-5168,http://npr.org/Latter_Days/sandvoss/zbgbeplpyrzhfrhznpprcgnaprgrfgercbegsnzvyl355437132.php,04/15/2010 14:25:46
http,DRR0162,PC-5168,http://livejournal.com/Red_River_Trails/kittson/snzvylfvkfvtznjrofvgrqrirybczragonfxrgonyyunyybssnzr626890445.htm,04/15/2010 14:30:17
http,DRR0162,PC-5168,http://livejournal.com/Red_River_Trails/kittson/snzvylfvkfvtznjrofvgrqrirybczragonfxrgonyyunyybssnzr626890445.htm,04/15/2010 14:33:52
http,DRR0162,PC-5168,http://livejournal.com/Red_River_Trails/kittson/snzvylfvkfvtznjrofvgrqrirybczragonfxrgonyyunyybssnzr626890445.htm,04/15/2010 14:38:18
http,DRR0162,PC-5168,http://digg.com/Siward_Earl_of_Northumbria/kapelle/snzvyl512544050.aspx,04/15/2010 14:39:38
http,DRR0162,PC-5168,http://nfl.com/Greece_runestones/dybeck/snzvyltvaehzzlpneqtnzrarjffbsgonyy1814779370.jsp,04/15/2010 14:40:46
http,DRR0162,PC-5168,http://conduit.com/Battle_of_Vimy_Ridge/pimple/qvzvavfuvatergheafuvxvatrdhvczragehtol872412139.html,04/15/2010 15:14:26
http,DRR0162,PC-5168,http://fatwallet.com/Grand_Duchess_Olga_Nikolaevna_of_Russia/olga/snzvylculfvpf76474686.asp,04/15/2010 15:14:57
http,DRR0162,PC-5168,http://nbcsports.com/General_aviation_in_the_United_Kingdom/ga/pnyraqnecebwrpgvagreangvbanygeniryqvzvavfuvatergheaf1257642606.htm,04/15/2010 15:18:37
http,DRR0162,PC-5168,http://nbcsports.com/General_aviation_in_the_United_Kingdom/ga/pnyraqnecebwrpgvagreangvbanygeniryqvzvavfuvatergheaf1257642606.htm,04/15/2010 15:19:30
http,DRR0162,PC-5168,http://cbs.com/Imagism/repaus/pnyraqnejngpuvatgryrivfvbafrysurycgrnz1554574069.aspx,04/15/2010 15:21:39
http,DRR0162,PC-5168,http://conduit.com/Battle_of_Vimy_Ridge/pimple/qvzvavfuvatergheafuvxvatrdhvczragehtol872412139.html,04/15/2010 15:23:42
http,DRR0162,PC-5168,http://nfl.com/Greece_runestones/dybeck/snzvyltvaehzzlpneqtnzrarjffbsgonyy1814779370.jsp,04/15/2010 15:28:01
http,DRR0162,PC-5168,http://dailymotion.com/Barthlemy_Boganda/oubangui/grnzcnffcbegonpxcnpx1789736292.html,04/15/2010 15:29:23
http,DRR0162,PC-5168,http://cbs.com/Imagism/repaus/pnyraqnejngpuvatgryrivfvbafrysurycgrnz1554574069.aspx,04/15/2010 15:29:42
http,DRR0162,PC-5168,http://dailymotion.com/Barthlemy_Boganda/oubangui/grnzcnffcbegonpxcnpx1789736292.html,04/15/2010 15:29:57
http,DRR0162,PC-5168,http://cbs.com/Imagism/repaus/pnyraqnejngpuvatgryrivfvbafrysurycgrnz1554574069.aspx,04/15/2010 15:55:49
http,DRR0162,PC-5168,http://cbslocal.com/Ann_Arbor_Michigan/washtenaw/ynjqvzvavfuvatergheaf714239438.asp,04/15/2010 16:03:35
http,DRR0162,PC-5168,http://fatwallet.com/Grand_Duchess_Olga_Nikolaevna_of_Russia/olga/snzvylculfvpf76474686.asp,04/15/2010 16:06:42
email,DRR0162,PC-5168,Dante.Raja.Roberts@dtaa.com,Dacey.Jorden.Bowen@dtaa.com,23105,0,04/15/2010 09:11:59
email,DRR0162,PC-5168,Dante.Raja.Roberts@dtaa.com,Chandler.Ashton.Madden@dtaa.com;Dacey.Jorden.Bowen@dtaa.com,21359,3,04/15/2010 09:29:15
email,DRR0162,PC-5168,Dante.Raja.Roberts@dtaa.com,Cecilia.Yuri.Ashley@dtaa.com,32760,0,04/15/2010 09:48:31
email,DRR0162,PC-5168,Roberts_Dante@hotmail.com,Gareth.X.Alexander@juno.com,35202,0,04/15/2010 09:57:24
email,DRR0162,PC-5168,Dante.Raja.Roberts@dtaa.com,Skyler.Deborah.Frazier@dtaa.com;Dacey.Jorden.Bowen@dtaa.com,20296,0,04/15/2010 09:58:48
email,DRR0162,PC-5168,Dante.Raja.Roberts@dtaa.com,Dacey.Jorden.Bowen@dtaa.com;Francis.Kane.Buckner@dtaa.com,30960,0,04/15/2010 10:13:09
email,DRR0162,PC-5168,Dante.Raja.Roberts@dtaa.com,Dacey.Jorden.Bowen@dtaa.com,49744,0,04/15/2010 11:43:57
email,DRR0162,PC-5168,Dante.Raja.Roberts@dtaa.com,Dacey.Jorden.Bowen@dtaa.com,39508,0,04/15/2010 11:45:25
email,DRR0162,PC-5168,Dante.Raja.Roberts@dtaa.com,Dacey.Jorden.Bowen@dtaa.com,36009,0,04/15/2010 11:48:16
email,DRR0162,PC-5168,Roberts_Dante@hotmail.com,Dacey_Bowen@yahoo.com,45586,0,04/15/2010 12:17:53
email,DRR0162,PC-5168,Roberts_Dante@hotmail.com,RKF261@cox.net;Francis_Buckner@verizon.net;Dacey_Bowen@yahoo.com,21478,1,04/15/2010 12:19:28
device,DRR0162,PC-5168,Connect,04/15/2010 09:08:23
device,DRR0162,PC-5168,Disconnect,04/15/2010 09:31:00
device,DRR0162,PC-5168,Connect,04/15/2010 12:44:26
device,DRR0162,PC-5168,Disconnect,04/15/2010 13:29:01
