logon,BLS0678,PC-6031,Logon,01/12/2010 08:01:00
logon,BLS0678,PC-6031,Logon,01/12/2010 13:46:54
logon,BLS0678,PC-6031,Logoff,01/12/2010 16:13:00
http,BLS0678,PC-6031,http://avg.com/Archie_Jackson/leura/aba-svpgvbaynovcbq756727047.htm,01/12/2010 08:05:37
http,BLS0678,PC-6031,http://cbssports.com/Rabindranath_Tagore/gitanjali/envajrnesvfuvatebqynotbyspyhof729293775.asp,01/12/2010 08:09:44
http,BLS0678,PC-6031,http://imdb.com/SMS_Markgraf/markgrafgroupnote/vgnyvnapbbxvatubyvqnlffbppreserrfglyrfxvvat50866039.html,01/12/2010 08:15:19
http,BLS0678,PC-6031,http://nymag.com/Terra_Nova_Expedition/koettlitz/qbjaevttvatpnzcpbbxvatzngurzngvpf2145772149.htm,01/12/2010 08:20:10
http,BLS0678,PC-6031,http://costco.com/Me_and_Juliet/bigley/gifrevrfpnegbba1331635327.html,01/12/2010 08:29:42
http,BLS0678,PC-6031,http://m-w.com/In_Utero_album/cobain/tnzrfubjf1278951174.aspx,01/12/2010 08:36:58
http,BLS0678,PC-6031,http://linkedin.com/Mount_St_Helens/kalama/shaqvatercbegfzhygvgnfxvat79475300.php,01/12/2010 08:41:31
http,BLS0678,PC-6031,http://cbssports.com/Rabindranath_Tagore/gitanjali/envajrnesvfuvatebqynotbyspyhof729293775.asp,01/12/2010 08:44:51
http,BLS0678,PC-6031,http://torrentz.eu/Into_Temptation_film/coyle/ovyyvneqfcrevbqvpnyfsvfuvatgbheanzrageviregerxxvatyno2068925858.asp,01/12/2010 08:45:27
http,BLS0678,PC-6031,http://linkedin.com/Mount_St_Helens/kalama/shaqvatercbegfzhygvgnfxvat79475300.php,01/12/2010 08:45:35
http,BLS0678,PC-6031,http://torrentz.eu/Into_Temptation_film/coyle/ovyyvneqfcrevbqvpnyfsvfuvatgbheanzrageviregerxxvatyno2068925858.asp,01/12/2010 08:45:36
http,BLS0678,PC-6031,http://pogo.com/Surrender_of_Japan/anami/ynotbyspbhefr1399865826.asp,01/12/2010 08:46:07
http,BLS0678,PC-6031,http://avg.com/Archie_Jackson/leura/aba-svpgvbaynovcbq756727047.htm,01/12/2010 08:49:28
http,BLS0678,PC-6031,http://avg.com/Archie_Jackson/leura/aba-svpgvbaynovcbq756727047.htm,01/12/2010 08:50:59
http,BLS0678,PC-6031,http://pogo.com/Surrender_of_Japan/anami/ynotbyspbhefr1399865826.asp,01/12/2010 08:51:04
http,BLS0678,PC-6031,http://ezinearticles.com/Humpback_whale/humpback/ubyvqnlf1285315596.asp,01/12/2010 08:51:22
http,BLS0678,PC-6031,http://bedbathandbeyond.com/Jerry_Voorhis/voorhiss/vasbzrepvnyqbphzragnelnanylfvf1063696300.aspx,01/12/2010 08:57:54
http,BLS0678,PC-6031,http://costco.com/Me_and_Juliet/bigley/gifrevrfpnegbba1331635327.html,01/12/2010 09:05:39
http,BLS0678,PC-6031,http://cnn.com/Chickasaw_Turnpike/roff/ubyvqnlfrnflyvfgravatzhfvpebqrb2042758381.aspx,01/12/2010 09:09:57
http,BLS0678,PC-6031,http://linksynergy.com/Banker_horse/aylln/zngurzngvpfcnlebyysbezhynfpbbxvathgrafvyf1795014614.htm,01/12/2010 09:10:18
http,BLS0678,PC-6031,http://linksynergy.com/Banker_horse/aylln/zngurzngvpfcnlebyysbezhynfpbbxvathgrafvyf1795014614.htm,01/12/2010 09:11:39
http,BLS0678,PC-6031,http://avg.com/Archie_Jackson/leura/aba-svpgvbaynovcbq756727047.htm,01/12/2010 09:24:13
http,BLS0678,PC-6031,http://ikea.com/Ray_Lindwall_with_the_Australian_cricket_team_in_England_in_1948/3183/qbphzragnelfnyrffhccbeg556580526.html,01/12/2010 09:29:36
http,BLS0678,PC-6031,http://imdb.com/SMS_Markgraf/markgrafgroupnote/vgnyvnapbbxvatubyvqnlffbppreserrfglyrfxvvat50866039.html,01/12/2010 09:34:27
http,BLS0678,PC-6031,http://pogo.com/Surrender_of_Japan/anami/ynotbyspbhefr1399865826.asp,01/12/2010 09:34:55
http,BLS0678,PC-6031,http://shareasale.com/2003_Insight_Bowl/echemandu/yno2011738740.html,01/12/2010 09:35:07
http,BLS0678,PC-6031,http://coupons.com/USS_Illinois_BB65/abbron54/obngfnsrglrdhngvbafonfxrgonyyunyybssnzrivfvba1677892985.html,01/12/2010 09:37:00
http,BLS0678,PC-6031,http://nymag.com/Terra_Nova_Expedition/koettlitz/qbjaevttvatpnzcpbbxvatzngurzngvpf2145772149.htm,01/12/2010 09:37:20
http,BLS0678,PC-6031,http://victoriassecret.com/Authentic_Science_Fiction/harnesss/dhnyvglfrnzfgerffubyvqnlf226273992.php,01/12/2010 09:49:17
http,BLS0678,PC-6031,http://usbank.com/Governor_of_Kentucky/coequal/cynagvattneqragbbyf1096410881.html,01/12/2010 09:50:36
http,BLS0678,PC-6031,http://istockphoto.com/Banksia_scabrella/walkaway/objyvatonyyubyvqnlfobngabzrapyngherevqvatfglyrf130758397.html,01/12/2010 09:52:23
http,BLS0678,PC-6031,http://td.com/History_of_the_National_Hockey_League_19421967/mikita/bobrzbgbeplpyryvprafrubyvqnlf2051596542.aspx,01/12/2010 09:55:14
http,BLS0678,PC-6031,http://ca.gov/Battle_of_the_Eastern_Solomons/jintsu/svezjneroneorphrubjgbgi752588304.htm,01/12/2010 09:56:17
http,BLS0678,PC-6031,http://ca.gov/Battle_of_the_Eastern_Solomons/jintsu/svezjneroneorphrubjgbgi752588304.htm,01/12/2010 10:00:30
http,BLS0678,PC-6031,http://imdb.com/SMS_Markgraf/markgrafgroupnote/vgnyvnapbbxvatubyvqnlffbppreserrfglyrfxvvat50866039.html,01/12/2010 10:02:26
http,BLS0678,PC-6031,http://bedbathandbeyond.com/Jerry_Voorhis/voorhiss/vasbzrepvnyqbphzragnelnanylfvf1063696300.aspx,01/12/2010 10:02:29
http,BLS0678,PC-6031,http://coupons.com/USS_Illinois_BB65/abbron54/obngfnsrglrdhngvbafonfxrgonyyunyybssnzrivfvba1677892985.html,01/12/2010 10:02:38
http,BLS0678,PC-6031,http://weightwatchers.com/Karnataka/malaprabha/ubjgbgiqbphzragnelebjobngjbefuvc1246539316.aspx,01/12/2010 10:03:16
http,BLS0678,PC-6031,http://costco.com/Me_and_Juliet/bigley/gifrevrfpnegbba1331635327.html,01/12/2010 10:03:18
http,BLS0678,PC-6031,http://shareasale.com/2003_Insight_Bowl/echemandu/yno2011738740.html,01/12/2010 10:12:59
http,BLS0678,PC-6031,http://reddit.com/Le_Pre_Goriot/goriot/erfrnepucenlreqrfxgbctnzrfubjf1705266102.aspx,01/12/2010 10:13:43
http,BLS0678,PC-6031,http://t-mobile.com/Bill_Newton/siffleet/qbphzragnelsrnfvovyvglfbsggraavf1005246298.asp,01/12/2010 10:19:10
http,BLS0678,PC-6031,http://bedbathandbeyond.com/Jerry_Voorhis/voorhiss/vasbzrepvnyqbphzragnelnanylfvf1063696300.aspx,01/12/2010 10:26:51
http,BLS0678,PC-6031,http://nymag.com/Terra_Nova_Expedition/koettlitz/qbjaevttvatpnzcpbbxvatzngurzngvpf2145772149.htm,01/12/2010 10:39:25
http,BLS0678,PC-6031,http://avg.com/Archie_Jackson/leura/aba-svpgvbaynovcbq756727047.htm,01/12/2010 10:41:10
http,BLS0678,PC-6031,http://pogo.com/Surrender_of_Japan/anami/ynotbyspbhefr1399865826.asp,01/12/2010 10:45:36
http,BLS0678,PC-6031,http://odesk.com/Alexander_of_Lincoln/gilbertines/fgrnzvaterdhverzragfgraavffubryno1137982164.asp,01/12/2010 10:45:56
http,BLS0678,PC-6031,http://imdb.com/SMS_Markgraf/markgrafgroupnote/vgnyvnapbbxvatubyvqnlffbppreserrfglyrfxvvat50866039.html,01/12/2010 10:48:26
http,BLS0678,PC-6031,http://pogo.com/Surrender_of_Japan/anami/ynotbyspbhefr1399865826.asp,01/12/2010 10:49:19
http,BLS0678,PC-6031,http://match.com/Strapping_Young_Lad/townsend/gragercbegfgraavfuvfgbel1847318896.asp,01/12/2010 10:50:09
http,BLS0678,PC-6031,http://nymag.com/Terra_Nova_Expedition/koettlitz/qbjaevttvatpnzcpbbxvatzngurzngvpf2145772149.htm,01/12/2010 10:50:39
http,BLS0678,PC-6031,http://careerbuilder.com/My_Belarusy/sakalouskis/nhgbjnkvatercbegf837800125.asp,01/12/2010 10:58:33
http,BLS0678,PC-6031,http://weightwatchers.com/Karnataka/malaprabha/ubjgbgiqbphzragnelebjobngjbefuvc1246539316.aspx,01/12/2010 13:48:00
http,BLS0678,PC-6031,http://bedbathandbeyond.com/Jerry_Voorhis/voorhiss/vasbzrepvnyqbphzragnelnanylfvf1063696300.aspx,01/12/2010 13:48:01
http,BLS0678,PC-6031,http://weightwatchers.com/Karnataka/malaprabha/ubjgbgiqbphzragnelebjobngjbefuvc1246539316.aspx,01/12/2010 13:48:03
http,BLS0678,PC-6031,http://avg.com/Archie_Jackson/leura/aba-svpgvbaynovcbq756727047.htm,01/12/2010 13:54:57
http,BLS0678,PC-6031,http://capitalone.com/Punk_rock/voidoids/qbphzragneltbysjngreunmneqf991898525.jsp,01/12/2010 14:05:10
http,BLS0678,PC-6031,http://bedbathandbeyond.com/Jerry_Voorhis/voorhiss/vasbzrepvnyqbphzragnelnanylfvf1063696300.aspx,01/12/2010 14:06:38
http,BLS0678,PC-6031,http://pogo.com/Surrender_of_Japan/anami/ynotbyspbhefr1399865826.asp,01/12/2010 14:09:38
http,BLS0678,PC-6031,http://kmart.com/John_Edward_Brownlee_as_AttorneyGeneral_of_Alberta/ufa/tbysjngreunmneqfrdhngvbaf1345560785.jsp,01/12/2010 14:12:18
http,BLS0678,PC-6031,http://weightwatchers.com/Karnataka/malaprabha/ubjgbgiqbphzragnelebjobngjbefuvc1246539316.aspx,01/12/2010 14:14:03
http,BLS0678,PC-6031,http://cnn.com/Chickasaw_Turnpike/roff/ubyvqnlfrnflyvfgravatzhfvpebqrb2042758381.aspx,01/12/2010 14:18:44
http,BLS0678,PC-6031,http://imdb.com/GRB_970508/afterglow/tneqragbbyfbepurfgenwncnarfrtneqra228616312.asp,01/12/2010 14:19:41
http,BLS0678,PC-6031,http://avg.com/Archie_Jackson/leura/aba-svpgvbaynovcbq756727047.htm,01/12/2010 14:28:39
http,BLS0678,PC-6031,http://weather.com/Rotavirus/vp4/ovyyvneqfgevpxfubgfornpupnzcvatovyyvneqfobbxftnzrfubjf960839951.jsp,01/12/2010 14:32:06
http,BLS0678,PC-6031,http://td.com/History_of_the_National_Hockey_League_19421967/mikita/bobrzbgbeplpyryvprafrubyvqnlf2051596542.aspx,01/12/2010 14:44:43
http,BLS0678,PC-6031,http://td.com/History_of_the_National_Hockey_League_19421967/mikita/bobrzbgbeplpyryvprafrubyvqnlf2051596542.aspx,01/12/2010 14:44:58
http,BLS0678,PC-6031,http://td.com/History_of_the_National_Hockey_League_19421967/mikita/bobrzbgbeplpyryvprafrubyvqnlf2051596542.aspx,01/12/2010 14:45:03
http,BLS0678,PC-6031,http://chicagotribune.com/Javan_Rhinoceros/kulon/arjfnhgberfgbengvbagrag1105725501.asp,01/12/2010 14:45:36
http,BLS0678,PC-6031,http://cnn.com/Chickasaw_Turnpike/roff/ubyvqnlfrnflyvfgravatzhfvpebqrb2042758381.aspx,01/12/2010 14:45:40
http,BLS0678,PC-6031,http://victoriassecret.com/Authentic_Science_Fiction/harnesss/dhnyvglfrnzfgerffubyvqnlf226273992.php,01/12/2010 14:46:32
http,BLS0678,PC-6031,http://usbank.com/Governor_of_Kentucky/coequal/cynagvattneqragbbyf1096410881.html,01/12/2010 14:50:20
http,BLS0678,PC-6031,http://m-w.com/In_Utero_album/cobain/tnzrfubjf1278951174.aspx,01/12/2010 14:55:13
http,BLS0678,PC-6031,http://imdb.com/SMS_Markgraf/markgrafgroupnote/vgnyvnapbbxvatubyvqnlffbppreserrfglyrfxvvat50866039.html,01/12/2010 14:56:02
http,BLS0678,PC-6031,http://digitalpoint.com/Dermotherium/chimaera/gurbelzngurzngvpfpnaavatirtrgnoyrf1234487349.jsp,01/12/2010 15:00:09
http,BLS0678,PC-6031,http://kmart.com/John_Edward_Brownlee_as_AttorneyGeneral_of_Alberta/ufa/tbysjngreunmneqfrdhngvbaf1345560785.jsp,01/12/2010 15:05:24
http,BLS0678,PC-6031,http://pogo.com/Surrender_of_Japan/anami/ynotbyspbhefr1399865826.asp,01/12/2010 15:11:05
http,BLS0678,PC-6031,http://bedbathandbeyond.com/Jerry_Voorhis/voorhiss/vasbzrepvnyqbphzragnelnanylfvf1063696300.aspx,01/12/2010 15:13:45
http,BLS0678,PC-6031,http://msn.com/The_Human_Centipede_First_Sequence/katsuro/arjf309875127.htm,01/12/2010 15:24:15
http,BLS0678,PC-6031,http://avg.com/Archie_Jackson/leura/aba-svpgvbaynovcbq756727047.htm,01/12/2010 15:29:24
http,BLS0678,PC-6031,http://lowes.com/Layla/allmans/puhepupnzcqbphzragnelfrjvatoybt2111045383.asp,01/12/2010 15:38:55
http,BLS0678,PC-6031,http://worldstarhiphop.com/Daniel_Boone/filson/fgerffgrfgebfrtneqravattneqrapyhofbppreunyybssnzr1438405362.htm,01/12/2010 15:39:50
http,BLS0678,PC-6031,http://cnn.com/Chickasaw_Turnpike/roff/ubyvqnlfrnflyvfgravatzhfvpebqrb2042758381.aspx,01/12/2010 15:40:13
http,BLS0678,PC-6031,http://shutterfly.com/Oliver_Typewriter_Company/typebars/yno2015438913.jsp,01/12/2010 15:41:06
http,BLS0678,PC-6031,http://td.com/History_of_the_National_Hockey_League_19421967/mikita/bobrzbgbeplpyryvprafrubyvqnlf2051596542.aspx,01/12/2010 15:42:00
http,BLS0678,PC-6031,http://imdb.com/SMS_Markgraf/markgrafgroupnote/vgnyvnapbbxvatubyvqnlffbppreserrfglyrfxvvat50866039.html,01/12/2010 15:43:28
http,BLS0678,PC-6031,http://forbes.com/Effects_of_Hurricane_Isabel_in_North_Carolina/32560/arjf320222168.jsp,01/12/2010 15:44:46
http,BLS0678,PC-6031,http://usbank.com/Governor_of_Kentucky/coequal/cynagvattneqragbbyf1096410881.html,01/12/2010 15:47:39
http,BLS0678,PC-6031,http://t-mobile.com/Bill_Newton/siffleet/qbphzragnelsrnfvovyvglfbsggraavf1005246298.asp,01/12/2010 15:49:53
http,BLS0678,PC-6031,http://digitalpoint.com/Dermotherium/chimaera/gurbelzngurzngvpfpnaavatirtrgnoyrf1234487349.jsp,01/12/2010 15:50:05
http,BLS0678,PC-6031,http://digitalpoint.com/Dermotherium/chimaera/gurbelzngurzngvpfpnaavatirtrgnoyrf1234487349.jsp,01/12/2010 15:50:55
http,BLS0678,PC-6031,http://digitalpoint.com/Dermotherium/chimaera/gurbelzngurzngvpfpnaavatirtrgnoyrf1234487349.jsp,01/12/2010 15:51:46
http,BLS0678,PC-6031,http://shareasale.com/2003_Insight_Bowl/echemandu/yno2011738740.html,01/12/2010 15:56:53
http,BLS0678,PC-6031,http://avg.com/Archie_Jackson/leura/aba-svpgvbaynovcbq756727047.htm,01/12/2010 16:05:18
http,BLS0678,PC-6031,http://wordpress.org/Catherine_de_Medici/coligny/pevoontrpneqtnzrercbegfonaqjvqgu1368318692.htm,01/12/2010 16:08:33
email,BLS0678,PC-6031,Benjamin.Lewis.Sweeney@dtaa.com,Sarah.Imelda.Juarez@dtaa.com;John.Price.Atkins@dtaa.com;Gay_I_Hunter@hp.com,48378,1,01/12/2010 08:18:47
email,BLS0678,PC-6031,Benjamin.Lewis.Sweeney@dtaa.com,John.Price.Atkins@dtaa.com;Orla.Ruth.Mckenzie@dtaa.com,27424,0,01/12/2010 08:23:40
email,BLS0678,PC-6031,Benjamin.Lewis.Sweeney@dtaa.com,Eaton.Samuel.Jennings@dtaa.com;Demetrius.Alvin.Levy@dtaa.com,29623,1,01/12/2010 08:32:39
email,BLS0678,PC-6031,Benjamin.Lewis.Sweeney@dtaa.com,Samuel.Eden.James@dtaa.com,23482,0,01/12/2010 08:36:07
email,BLS0678,PC-6031,Benjamin.Lewis.Sweeney@dtaa.com,Nicholas.Cade.Owen@dtaa.com;Orla.Ruth.Mckenzie@dtaa.com;Kasimir.Nehru.Galloway@dtaa.com,30090,1,01/12/2010 08:38:59
email,BLS0678,PC-6031,Benjamin.Lewis.Sweeney@dtaa.com,Myles.August.Heath@dtaa.com,23434,1,01/12/2010 08:48:24
email,BLS0678,PC-6031,Benjamin.Lewis.Sweeney@dtaa.com,Leonard.Uriel.Ramos@dtaa.com,12949,0,01/12/2010 08:55:56
email,BLS0678,PC-6031,BLS7893@verizon.net,IBM58@hotmail.com,25489,0,01/12/2010 14:45:08
