logon,JLM0364,PC-0840,Logon,01/06/2011 06:16:01
logon,JLM0364,PC-0840,Logoff,01/06/2011 06:34:31
logon,JLM0364,PC-3791,Logon,01/06/2011 08:20:00
logon,JLM0364,PC-0322,Logon,01/06/2011 10:37:44
logon,JLM0364,PC-0322,Logoff,01/06/2011 10:41:13
logon,JLM0364,PC-3791,Logoff,01/06/2011 16:16:00
http,JLM0364,PC-3791,http://td.com/History_of_the_National_Hockey_League_19421967/mikita/bobrzbgbeplpyryvprafrubyvqnlf2051596542.aspx,01/06/2011 08:23:38
http,JLM0364,PC-3791,http://linkedin.com/Harry_Chauvel/chetwode/cebwrpg757315014.jsp,01/06/2011 08:35:52
http,JLM0364,PC-3791,http://digitalpoint.com/Hudson_Valley_Rail_Trail/costantino/frnzfgerffpbzzvffvbaylevpfinpngvba1988739345.htm,01/06/2011 08:40:33
http,JLM0364,PC-3791,http://aol.com/jobs/WboUhagvat1963819229.jsp,01/06/2011 08:41:30
http,JLM0364,PC-3791,http://harris.com/WboUhagvat1919385663.htm,01/06/2011 08:45:06
http,JLM0364,PC-3791,http://eonline.com/Gregory_of_Nazianzus/sasima/gragcebwrpgcrgsvfupbyyrtrfbppre691547229.htm,01/06/2011 08:50:14
http,JLM0364,PC-3791,http://apple.com/1949_Ambato_earthquake/pelileo/nhgbercnvecrevbqvpnyfwhfgvagvzrcebwrpgzbhagrqbevragrrevat302145602.html,01/06/2011 08:50:49
http,JLM0364,PC-3791,http://eonline.com/Gregory_of_Nazianzus/sasima/gragcebwrpgcrgsvfupbyyrtrfbppre691547229.htm,01/06/2011 08:51:38
http,JLM0364,PC-3791,http://shopathome.com/Slavery_in_ancient_Greece/theognis/cebwrpgubgrypebffyvprafvatynjfhvg1676757978.aspx,01/06/2011 08:54:43
http,JLM0364,PC-3791,http://shopathome.com/Slavery_in_ancient_Greece/theognis/cebwrpgubgrypebffyvprafvatynjfhvg1676757978.aspx,01/06/2011 08:56:00
http,JLM0364,PC-3791,http://qvc.com/Ion_Heliade_Rdulescu/rdulescu/npprffybtcynprfgbuvxronaqebjvat1151084828.htm,01/06/2011 08:57:03
http,JLM0364,PC-3791,http://careerbuilder.com/WboUhagvat660170997.htm,01/06/2011 08:58:06
http,JLM0364,PC-3791,http://linkedin.com/Harry_Chauvel/chetwode/cebwrpg757315014.jsp,01/06/2011 09:02:41
http,JLM0364,PC-3791,http://linkedin.com/Harry_Chauvel/chetwode/cebwrpg757315014.jsp,01/06/2011 09:11:37
http,JLM0364,PC-3791,http://latimes.com/Canadian_federal_election_1957/diefenbaker/genirythvqrrnflyvfgravatzhfvpiveghnycevingrargjbex83114751.jsp,01/06/2011 09:17:09
http,JLM0364,PC-3791,http://msn.com/The_Human_Centipede_First_Sequence/katsuro/arjf309875127.htm,01/06/2011 09:32:02
http,JLM0364,PC-3791,http://swagbucks.com/Central_Coast_Mariners_FC/bosnich/arjf1097306252.htm,01/06/2011 09:34:32
http,JLM0364,PC-3791,http://gap.com/Military_history_of_Australia_during_World_War_II/abdacom/ebpxnaqebyyznfffgbentrpehvfr1194028521.jsp,01/06/2011 09:44:23
http,JLM0364,PC-3791,http://linkedin.com/Harry_Chauvel/chetwode/cebwrpg757315014.jsp,01/06/2011 09:47:49
http,JLM0364,PC-3791,http://redfin.com/Rinaldo_opera/goffredo/pehvfrergheabavairfgzragivqrbtnzrfcebwrpg1920790195.html,01/06/2011 09:49:00
http,JLM0364,PC-3791,http://raytheon.com/WboUhagvat343187784.jsp,01/06/2011 09:50:28
http,JLM0364,PC-3791,http://buy.com/Lemur/anthropoid/fbyvgnverpneqtnzrfnagvivehf1992767769.jsp,01/06/2011 09:50:57
http,JLM0364,PC-3791,http://paper.li/Hollaback_Girl/stefani/iveghnyznpuvarovttnzrsvfuvat2121453946.jsp,01/06/2011 09:52:44
http,JLM0364,PC-3791,http://paper.li/Empire_of_Brazil/caboclos/abbqyvatahgevgvbaznfffgbentrcnffcbeg807084461.htm,01/06/2011 09:57:29
http,JLM0364,PC-3791,http://careerbuilder.com/WboUhagvat660170997.htm,01/06/2011 10:00:29
http,JLM0364,PC-3791,http://paper.li/Empire_of_Brazil/caboclos/abbqyvatahgevgvbaznfffgbentrcnffcbeg807084461.htm,01/06/2011 10:07:44
http,JLM0364,PC-3791,http://paper.li/Hollaback_Girl/stefani/iveghnyznpuvarovttnzrsvfuvat2121453946.jsp,01/06/2011 10:28:50
http,JLM0364,PC-3791,http://theblaze.com/Arsenal_FC/filearsenal/arjfubefronpxraqhenaprevqvatqvegevqvatcrgtebbzvat952501939.html,01/06/2011 10:38:54
http,JLM0364,PC-3791,http://redfin.com/Rinaldo_opera/goffredo/pehvfrergheabavairfgzragivqrbtnzrfcebwrpg1920790195.html,01/06/2011 10:39:07
http,JLM0364,PC-3791,http://northropgrumman.com/WboUhagvat572113271.aspx,01/06/2011 10:45:02
http,JLM0364,PC-3791,http://craigslist.org/WboUhagvat1105403916.aspx,01/06/2011 10:45:19
http,JLM0364,PC-3791,http://walmart.com/Attack_on_Sydney_Harbour/yarroma/fnavgngvbacrgarhgrevatcebwrpg1508509670.html,01/06/2011 10:45:41
http,JLM0364,PC-3791,http://sidereel.com/Miniopterus_griveaudi/griveaudi/ivfnovplpyrpebffpbhageljbeyqfrevrf1447879033.htm,01/06/2011 10:46:23
http,JLM0364,PC-3791,http://imdb.com/SMS_Markgraf/markgrafgroupnote/vgnyvnapbbxvatubyvqnlffbppreserrfglyrfxvvat50866039.html,01/06/2011 10:47:07
http,JLM0364,PC-3791,http://paper.li/Empire_of_Brazil/caboclos/abbqyvatahgevgvbaznfffgbentrcnffcbeg807084461.htm,01/06/2011 10:54:13
http,JLM0364,PC-3791,http://cnn.com/Chickasaw_Turnpike/roff/ubyvqnlfrnflyvfgravatzhfvpebqrb2042758381.aspx,01/06/2011 11:10:08
http,JLM0364,PC-3791,http://conduit.com/French_colonization_of_Texas/salle/cebwrpgfxvgevcznfffgbentrpbhagelzhfvp1636455169.jsp,01/06/2011 11:12:32
http,JLM0364,PC-3791,http://hulu.com/Gray_mouse_lemur/lemur/qvfpbhaginpngvba865185298.aspx,01/06/2011 11:12:54
http,JLM0364,PC-3791,http://imdb.com/SMS_Markgraf/markgrafgroupnote/vgnyvnapbbxvatubyvqnlffbppreserrfglyrfxvvat50866039.html,01/06/2011 11:14:30
http,JLM0364,PC-3791,http://conduit.com/French_colonization_of_Texas/salle/cebwrpgfxvgevcznfffgbentrpbhagelzhfvp1636455169.jsp,01/06/2011 11:14:31
http,JLM0364,PC-3791,http://buy.com/Lemur/anthropoid/fbyvgnverpneqtnzrfnagvivehf1992767769.jsp,01/06/2011 11:15:22
http,JLM0364,PC-3791,http://live.com/Banksia_verticillata/torndirrup/cebwrpg41502083.aspx,01/06/2011 11:15:24
http,JLM0364,PC-3791,http://eonline.com/Gregory_of_Nazianzus/sasima/gragcebwrpgcrgsvfupbyyrtrfbppre691547229.htm,01/06/2011 11:25:40
http,JLM0364,PC-3791,http://simplyhired.com/WboUhagvat57469130.jsp,01/06/2011 11:27:45
http,JLM0364,PC-3791,http://boston.com/Keratoconus/cornea/svefgnvqpuryybercbegfnpprffybt224571937.jsp,01/06/2011 11:55:47
http,JLM0364,PC-3791,http://live.com/Banksia_verticillata/torndirrup/cebwrpg41502083.aspx,01/06/2011 11:55:59
http,JLM0364,PC-3791,http://linkedin.com/Harry_Chauvel/chetwode/cebwrpg757315014.jsp,01/06/2011 11:57:59
http,JLM0364,PC-3791,http://sidereel.com/Robert_Burnell/hanaper/zhfpyrohvyqvatobbxxrrcvatfgrnzvatcebwrpg1866732439.asp,01/06/2011 12:07:41
http,JLM0364,PC-3791,http://eonline.com/Gregory_of_Nazianzus/sasima/gragcebwrpgcrgsvfupbyyrtrfbppre691547229.htm,01/06/2011 12:07:51
http,JLM0364,PC-3791,http://zendesk.com/December_1964_South_Vietnamese_coup/khanh/obngybpxfgbpxjbeyqfrevrferpehvgvat1343994808.html,01/06/2011 12:15:01
http,JLM0364,PC-3791,http://secureserver.net/Ross_Sea_party/stenhouse/gnyxvatbagurcubartneqravafrpgffrphevglcngpusnagnflfcbegf123449176.asp,01/06/2011 12:19:46
http,JLM0364,PC-3791,http://drudgereport.com/Suffolk_Punch/frsuffolk/nhgberfgbengvbacbbygnoyrffrphevgl2016351472.asp,01/06/2011 12:22:26
http,JLM0364,PC-3791,http://latimes.com/Canadian_federal_election_1957/diefenbaker/genirythvqrrnflyvfgravatzhfvpiveghnycevingrargjbex83114751.jsp,01/06/2011 12:25:30
http,JLM0364,PC-3791,http://msn.com/The_Human_Centipede_First_Sequence/katsuro/arjf309875127.htm,01/06/2011 12:26:12
http,JLM0364,PC-3791,http://td.com/History_of_the_National_Hockey_League_19421967/mikita/bobrzbgbeplpyryvprafrubyvqnlf2051596542.aspx,01/06/2011 12:26:30
http,JLM0364,PC-3791,http://united.com/Nothing_to_My_Name/gaige/pbbxobbxznfffgbentrpneqtnzrobbxf1618109424.asp,01/06/2011 12:34:20
http,JLM0364,PC-3791,http://imdb.com/SMS_Markgraf/markgrafgroupnote/vgnyvnapbbxvatubyvqnlffbppreserrfglyrfxvvat50866039.html,01/06/2011 12:37:47
http,JLM0364,PC-3791,http://jobhuntersbible.com/WboUhagvat1258877042.aspx,01/06/2011 12:37:56
http,JLM0364,PC-3791,http://craigslist.org/WboUhagvat1105403916.aspx,01/06/2011 12:37:58
http,JLM0364,PC-3791,http://digitalpoint.com/Hudson_Valley_Rail_Trail/costantino/frnzfgerffpbzzvffvbaylevpfinpngvba1988739345.htm,01/06/2011 12:40:53
http,JLM0364,PC-3791,http://chicagotribune.com/Javan_Rhinoceros/kulon/arjfnhgberfgbengvbagrag1105725501.asp,01/06/2011 12:44:25
http,JLM0364,PC-3791,http://vistaprint.com/Rosendale_trestle/rosendale/jrngureiveghnyznpuvarfgnaqneqfovyyvneqfrdhvczrag546713892.php,01/06/2011 12:44:30
http,JLM0364,PC-3791,http://sidereel.com/Miniopterus_griveaudi/griveaudi/ivfnovplpyrpebffpbhageljbeyqfrevrf1447879033.htm,01/06/2011 12:45:16
http,JLM0364,PC-3791,http://officedepot.com/Cdwalla_of_Wessex/thelwealhs/obngznvagranaprjrngureobjyvatfcyvgf1750468637.html,01/06/2011 12:45:36
http,JLM0364,PC-3791,http://chicagotribune.com/Javan_Rhinoceros/kulon/arjfnhgberfgbengvbagrag1105725501.asp,01/06/2011 12:45:48
http,JLM0364,PC-3791,http://eonline.com/Gregory_of_Nazianzus/sasima/gragcebwrpgcrgsvfupbyyrtrfbppre691547229.htm,01/06/2011 12:46:05
http,JLM0364,PC-3791,http://theblaze.com/Arsenal_FC/filearsenal/arjfubefronpxraqhenaprevqvatqvegevqvatcrgtebbzvat952501939.html,01/06/2011 12:46:05
http,JLM0364,PC-3791,http://live.com/Banksia_verticillata/torndirrup/cebwrpg41502083.aspx,01/06/2011 12:47:49
http,JLM0364,PC-3791,http://boston.com/Keratoconus/cornea/svefgnvqpuryybercbegfnpprffybt224571937.jsp,01/06/2011 12:51:53
http,JLM0364,PC-3791,http://eonline.com/Gregory_of_Nazianzus/sasima/gragcebwrpgcrgsvfupbyyrtrfbppre691547229.htm,01/06/2011 13:12:31
http,JLM0364,PC-3791,http://live.com/Banksia_verticillata/torndirrup/cebwrpg41502083.aspx,01/06/2011 13:15:12
http,JLM0364,PC-3791,http://npr.org/Ailanthus_altissima/altissima/qrfxgbcbcrengvbaffheiviny373084835.html,01/06/2011 13:15:55
http,JLM0364,PC-3791,http://jobhuntersbible.com/WboUhagvat1258877042.aspx,01/06/2011 13:36:56
http,JLM0364,PC-3791,http://linkedin.com/Harry_Chauvel/chetwode/cebwrpg757315014.jsp,01/06/2011 13:40:35
http,JLM0364,PC-3791,http://chicagotribune.com/Javan_Rhinoceros/kulon/arjfnhgberfgbengvbagrag1105725501.asp,01/06/2011 13:45:19
http,JLM0364,PC-3791,http://indeed.com/WboUhagvat1680703797.html,01/06/2011 13:49:05
http,JLM0364,PC-3791,http://united.com/Nothing_to_My_Name/gaige/pbbxobbxznfffgbentrpneqtnzrobbxf1618109424.asp,01/06/2011 13:49:11
http,JLM0364,PC-3791,http://linkedin.com/Harry_Chauvel/chetwode/cebwrpg757315014.jsp,01/06/2011 13:55:15
http,JLM0364,PC-3791,http://live.com/Banksia_verticillata/torndirrup/cebwrpg41502083.aspx,01/06/2011 14:01:06
http,JLM0364,PC-3791,http://eonline.com/Gregory_of_Nazianzus/sasima/gragcebwrpgcrgsvfupbyyrtrfbppre691547229.htm,01/06/2011 14:06:51
http,JLM0364,PC-3791,http://imdb.com/SMS_Markgraf/markgrafgroupnote/vgnyvnapbbxvatubyvqnlffbppreserrfglyrfxvvat50866039.html,01/06/2011 14:08:38
http,JLM0364,PC-3791,http://live.com/Banksia_verticillata/torndirrup/cebwrpg41502083.aspx,01/06/2011 14:29:07
http,JLM0364,PC-3791,http://eonline.com/Gregory_of_Nazianzus/sasima/gragcebwrpgcrgsvfupbyyrtrfbppre691547229.htm,01/06/2011 14:35:30
http,JLM0364,PC-3791,http://linkedin.com/Harry_Chauvel/chetwode/cebwrpg757315014.jsp,01/06/2011 14:39:40
http,JLM0364,PC-3791,http://raytheon.com/WboUhagvat343187784.jsp,01/06/2011 14:39:49
http,JLM0364,PC-3791,http://craigslist.org/WboUhagvat1105403916.aspx,01/06/2011 14:40:16
http,JLM0364,PC-3791,http://linkedin.com/Harry_Chauvel/chetwode/cebwrpg757315014.jsp,01/06/2011 14:43:47
http,JLM0364,PC-3791,http://walmart.com/Attack_on_Sydney_Harbour/yarroma/fnavgngvbacrgarhgrevatcebwrpg1508509670.html,01/06/2011 14:45:23
http,JLM0364,PC-3791,http://paper.li/Hollaback_Girl/stefani/iveghnyznpuvarovttnzrsvfuvat2121453946.jsp,01/06/2011 14:55:48
http,JLM0364,PC-3791,http://linkedin.com/Harry_Chauvel/chetwode/cebwrpg757315014.jsp,01/06/2011 15:01:54
http,JLM0364,PC-3791,http://eonline.com/Gregory_of_Nazianzus/sasima/gragcebwrpgcrgsvfupbyyrtrfbppre691547229.htm,01/06/2011 15:03:45
http,JLM0364,PC-3791,http://yahoo.com/hotjobs/WboUhagvat752138490.php,01/06/2011 15:16:01
http,JLM0364,PC-3791,http://linkedin.com/Harry_Chauvel/chetwode/cebwrpg757315014.jsp,01/06/2011 15:17:05
http,JLM0364,PC-3791,http://indeed.com/WboUhagvat1680703797.html,01/06/2011 15:18:14
http,JLM0364,PC-3791,http://linkedin.com/WboUhagvat1479839504.aspx,01/06/2011 15:25:04
http,JLM0364,PC-3791,http://qq.com/Malcolm_X/lumumba/onxrjnerjbefuvciveghnyznpuvarargjbex225689905.php,01/06/2011 15:30:02
http,JLM0364,PC-3791,http://paper.li/Hollaback_Girl/stefani/iveghnyznpuvarovttnzrsvfuvat2121453946.jsp,01/06/2011 15:30:48
http,JLM0364,PC-3791,http://linkedin.com/Harry_Chauvel/chetwode/cebwrpg757315014.jsp,01/06/2011 15:38:24
http,JLM0364,PC-3791,http://redfin.com/Rinaldo_opera/goffredo/pehvfrergheabavairfgzragivqrbtnzrfcebwrpg1920790195.html,01/06/2011 15:38:48
http,JLM0364,PC-3791,http://redfin.com/Rinaldo_opera/goffredo/pehvfrergheabavairfgzragivqrbtnzrfcebwrpg1920790195.html,01/06/2011 15:38:55
http,JLM0364,PC-3791,http://eonline.com/Gregory_of_Nazianzus/sasima/gragcebwrpgcrgsvfupbyyrtrfbppre691547229.htm,01/06/2011 15:39:28
http,JLM0364,PC-3791,http://conduit.com/French_colonization_of_Texas/salle/cebwrpgfxvgevcznfffgbentrpbhagelzhfvp1636455169.jsp,01/06/2011 15:39:53
http,JLM0364,PC-3791,http://eonline.com/Gregory_of_Nazianzus/sasima/gragcebwrpgcrgsvfupbyyrtrfbppre691547229.htm,01/06/2011 15:56:23
http,JLM0364,PC-3791,http://linkedin.com/Harry_Chauvel/chetwode/cebwrpg757315014.jsp,01/06/2011 15:57:19
http,JLM0364,PC-3791,http://conduit.com/French_colonization_of_Texas/salle/cebwrpgfxvgevcznfffgbentrpbhagelzhfvp1636455169.jsp,01/06/2011 15:57:29
http,JLM0364,PC-3791,http://imdb.com/SMS_Markgraf/markgrafgroupnote/vgnyvnapbbxvatubyvqnlffbppreserrfglyrfxvvat50866039.html,01/06/2011 15:58:39
http,JLM0364,PC-3791,http://linkedin.com/Harry_Chauvel/chetwode/cebwrpg757315014.jsp,01/06/2011 16:00:19
http,JLM0364,PC-3791,http://td.com/History_of_the_National_Hockey_League_19421967/mikita/bobrzbgbeplpyryvprafrubyvqnlf2051596542.aspx,01/06/2011 16:03:31
http,JLM0364,PC-3791,http://eonline.com/Gregory_of_Nazianzus/sasima/gragcebwrpgcrgsvfupbyyrtrfbppre691547229.htm,01/06/2011 16:06:04
http,JLM0364,PC-3791,http://linkedin.com/Harry_Chauvel/chetwode/cebwrpg757315014.jsp,01/06/2011 16:08:07
http,JLM0364,PC-3791,http://northropgrumman.com/WboUhagvat572113271.aspx,01/06/2011 16:12:37
http,JLM0364,PC-3791,http://indeed.com/WboUhagvat1680703797.html,01/06/2011 16:13:02
http,JLM0364,PC-3791,http://linkedin.com/Harry_Chauvel/chetwode/cebwrpg757315014.jsp,01/06/2011 16:13:38
http,JLM0364,PC-3791,http://redfin.com/Rinaldo_opera/goffredo/pehvfrergheabavairfgzragivqrbtnzrfcebwrpg1920790195.html,01/06/2011 16:13:42
email,JLM0364,PC-3791,Jacqueline.Latifah.Miles@dtaa.com,Sonia.Anne.Kirkland@dtaa.com;TaShya.Savannah.Mcgowan@dtaa.com,39762,1,01/06/2011 09:15:42
email,JLM0364,PC-3791,Jacqueline.Latifah.Miles@dtaa.com,Jackson.Rafael.Sutton@dtaa.com,26413,0,01/06/2011 09:48:59
email,JLM0364,PC-3791,Jacqueline.Latifah.Miles@dtaa.com,Arthur.John.Floyd@dtaa.com,41149,0,01/06/2011 10:34:10
email,JLM0364,PC-3791,Jacqueline.Latifah.Miles@dtaa.com,Dorothy.Marny.Goff@dtaa.com;Alexander.Rafael.Arnold@dtaa.com,44346,0,01/06/2011 10:39:15
email,JLM0364,PC-3791,Jacqueline.Latifah.Miles@dtaa.com,Francis.Brian.Armstrong@dtaa.com;Cain.Byron.Baldwin@dtaa.com,34565,0,01/06/2011 10:39:56
email,JLM0364,PC-3791,Jacqueline_L_Miles@sbcglobal.net,Jackson-Sutton@juno.com,58682,0,01/06/2011 12:43:13
email,JLM0364,PC-3791,Jacqueline.Latifah.Miles@dtaa.com,Logan.Branden.Cherry@dtaa.com,17366,0,01/06/2011 12:45:28
email,JLM0364,PC-3791,Jacqueline.Latifah.Miles@dtaa.com,Francis.Brian.Armstrong@dtaa.com,18335,0,01/06/2011 16:06:38
email,JLM0364,PC-3791,Jacqueline.Latifah.Miles@dtaa.com,Logan.Branden.Cherry@dtaa.com;Joseph.Alan.Vaughan@dtaa.com;Hayes.Drake.Stephenson@dtaa.com,29437,1,01/06/2011 16:09:41
email,JLM0364,PC-3791,Jacqueline.Latifah.Miles@dtaa.com,Logan.Branden.Cherry@dtaa.com,16005,0,01/06/2011 16:12:41
email,JLM0364,PC-3791,Jacqueline.Latifah.Miles@dtaa.com,Dorothy.Marny.Goff@dtaa.com,52850,0,01/06/2011 16:13:28
