logon,MCF0600,PC-8790,Logon,09/09/2010 08:30:00
logon,MCF0600,PC-8790,Logoff,09/09/2010 18:30:00
http,MCF0600,PC-8790,http://directv.com/Sandra_Morgan/crapp/anabgrpuabybtloyhrpbyynefbsgjner788011099.htm,09/09/2010 08:51:21
http,MCF0600,PC-8790,http://ilivid.com/Nostradamus/nostredame/fnsrglubgry71027782.php,09/09/2010 08:59:16
http,MCF0600,PC-8790,http://bluehost.com/The_Slave_Community/rawick/gbbyfbyqznvqpneqtnzr2078683610.htm,09/09/2010 09:18:31
http,MCF0600,PC-8790,http://cnn.com/Chickasaw_Turnpike/roff/ubyvqnlfrnflyvfgravatzhfvpebqrb2042758381.aspx,09/09/2010 09:26:29
http,MCF0600,PC-8790,http://sina.com.cn/Atheism/atheos/ercbegvatguebhtuchgobbxxrrcvatuhagvatyvprafr1433628439.htm,09/09/2010 10:56:08
http,MCF0600,PC-8790,http://cracked.com/Shadow_the_Hedgehog_video_game/espio/sbbgonyyunyybssnzrovplpyrfnsrglfhcreobjy1782886176.asp,09/09/2010 11:53:04
http,MCF0600,PC-8790,http://livejournal.com/Red_River_Trails/kittson/snzvylfvkfvtznjrofvgrqrirybczragonfxrgonyyunyybssnzr626890445.htm,09/09/2010 11:53:29
http,MCF0600,PC-8790,http://bizrate.com/Exelon_Pavilions/ashrae/cebqhpgvivglwncnarfrtneqrapynffvpnyqerffntr161739954.jsp,09/09/2010 13:55:09
http,MCF0600,PC-8790,http://thepiratebay.org/Cleomenean_War/achaean/oyhrpbyynevagreangvbanygeniry2089162826.asp,09/09/2010 16:52:54
http,MCF0600,PC-8790,http://fatwallet.com/Ethan_Hawke/linklater/gbbyf1525921859.asp,09/09/2010 17:58:50
email,MCF0600,PC-8790,Faulkner-Maxwell@gmail.com,Whilemina_England@cox.net;Daria_Mcbride@juno.com;Reyes_Matthew@verizon.net,24179,0,09/09/2010 10:27:35
